SampleID	Population
AFR___ACB___HG01879	AFR___ACB
AFR___ACB___HG01880	AFR___ACB
AFR___ACB___HG01882	AFR___ACB
AFR___ACB___HG01883	AFR___ACB
AFR___ACB___HG01885	AFR___ACB
AFR___ACB___HG01886	AFR___ACB
AFR___ACB___HG01889	AFR___ACB
AFR___ACB___HG01890	AFR___ACB
AFR___ACB___HG01894	AFR___ACB
AFR___ACB___HG01896	AFR___ACB
AFR___ACB___HG01912	AFR___ACB
AFR___ACB___HG01914	AFR___ACB
AFR___ACB___HG01915	AFR___ACB
AFR___ACB___HG01956	AFR___ACB
AFR___ACB___HG01958	AFR___ACB
AFR___ACB___HG01985	AFR___ACB
AFR___ACB___HG01986	AFR___ACB
AFR___ACB___HG01988	AFR___ACB
AFR___ACB___HG01989	AFR___ACB
AFR___ACB___HG01990	AFR___ACB
AFR___ACB___HG02009	AFR___ACB
AFR___ACB___HG02010	AFR___ACB
AFR___ACB___HG02012	AFR___ACB
AFR___ACB___HG02013	AFR___ACB
AFR___ACB___HG02014	AFR___ACB
AFR___ACB___HG02051	AFR___ACB
AFR___ACB___HG02052	AFR___ACB
AFR___ACB___HG02053	AFR___ACB
AFR___ACB___HG02054	AFR___ACB
AFR___ACB___HG02095	AFR___ACB
AFR___ACB___HG02107	AFR___ACB
AFR___ACB___HG02108	AFR___ACB
AFR___ACB___HG02111	AFR___ACB
AFR___ACB___HG02143	AFR___ACB
AFR___ACB___HG02144	AFR___ACB
AFR___ACB___HG02255	AFR___ACB
AFR___ACB___HG02256	AFR___ACB
AFR___ACB___HG02281	AFR___ACB
AFR___ACB___HG02282	AFR___ACB
AFR___ACB___HG02283	AFR___ACB
AFR___ACB___HG02284	AFR___ACB
AFR___ACB___HG02307	AFR___ACB
AFR___ACB___HG02308	AFR___ACB
AFR___ACB___HG02309	AFR___ACB
AFR___ACB___HG02314	AFR___ACB
AFR___ACB___HG02315	AFR___ACB
AFR___ACB___HG02317	AFR___ACB
AFR___ACB___HG02318	AFR___ACB
AFR___ACB___HG02322	AFR___ACB
AFR___ACB___HG02323	AFR___ACB
AFR___ACB___HG02325	AFR___ACB
AFR___ACB___HG02330	AFR___ACB
AFR___ACB___HG02332	AFR___ACB
AFR___ACB___HG02334	AFR___ACB
AFR___ACB___HG02337	AFR___ACB
AFR___ACB___HG02339	AFR___ACB
AFR___ACB___HG02343	AFR___ACB
AFR___ACB___HG02419	AFR___ACB
AFR___ACB___HG02420	AFR___ACB
AFR___ACB___HG02427	AFR___ACB
AFR___ACB___HG02429	AFR___ACB
AFR___ACB___HG02433	AFR___ACB
AFR___ACB___HG02436	AFR___ACB
AFR___ACB___HG02439	AFR___ACB
AFR___ACB___HG02442	AFR___ACB
AFR___ACB___HG02445	AFR___ACB
AFR___ACB___HG02449	AFR___ACB
AFR___ACB___HG02450	AFR___ACB
AFR___ACB___HG02455	AFR___ACB
AFR___ACB___HG02470	AFR___ACB
AFR___ACB___HG02471	AFR___ACB
AFR___ACB___HG02476	AFR___ACB
AFR___ACB___HG02477	AFR___ACB
AFR___ACB___HG02479	AFR___ACB
AFR___ACB___HG02481	AFR___ACB
AFR___ACB___HG02484	AFR___ACB
AFR___ACB___HG02485	AFR___ACB
AFR___ACB___HG02489	AFR___ACB
AFR___ACB___HG02496	AFR___ACB
AFR___ACB___HG02497	AFR___ACB
AFR___ACB___HG02501	AFR___ACB
AFR___ACB___HG02502	AFR___ACB
AFR___ACB___HG02505	AFR___ACB
AFR___ACB___HG02508	AFR___ACB
AFR___ACB___HG02511	AFR___ACB
AFR___ACB___HG02536	AFR___ACB
AFR___ACB___HG02537	AFR___ACB
AFR___ACB___HG02541	AFR___ACB
AFR___ACB___HG02545	AFR___ACB
AFR___ACB___HG02546	AFR___ACB
AFR___ACB___HG02549	AFR___ACB
AFR___ACB___HG02554	AFR___ACB
AFR___ACB___HG02555	AFR___ACB
AFR___ACB___HG02557	AFR___ACB
AFR___ACB___HG02558	AFR___ACB
AFR___ACB___HG02577	AFR___ACB
AFR___ACB___HG02580	AFR___ACB
AFR___ASW___NA19625	AFR___ASW
AFR___ASW___NA19700	AFR___ASW
AFR___ASW___NA19701	AFR___ASW
AFR___ASW___NA19703	AFR___ASW
AFR___ASW___NA19704	AFR___ASW
AFR___ASW___NA19707	AFR___ASW
AFR___ASW___NA19711	AFR___ASW
AFR___ASW___NA19712	AFR___ASW
AFR___ASW___NA19713	AFR___ASW
AFR___ASW___NA19818	AFR___ASW
AFR___ASW___NA19819	AFR___ASW
AFR___ASW___NA19834	AFR___ASW
AFR___ASW___NA19835	AFR___ASW
AFR___ASW___NA19900	AFR___ASW
AFR___ASW___NA19901	AFR___ASW
AFR___ASW___NA19904	AFR___ASW
AFR___ASW___NA19908	AFR___ASW
AFR___ASW___NA19909	AFR___ASW
AFR___ASW___NA19913	AFR___ASW
AFR___ASW___NA19914	AFR___ASW
AFR___ASW___NA19916	AFR___ASW
AFR___ASW___NA19917	AFR___ASW
AFR___ASW___NA19920	AFR___ASW
AFR___ASW___NA19921	AFR___ASW
AFR___ASW___NA19922	AFR___ASW
AFR___ASW___NA19923	AFR___ASW
AFR___ASW___NA19982	AFR___ASW
AFR___ASW___NA19984	AFR___ASW
AFR___ASW___NA20126	AFR___ASW
AFR___ASW___NA20127	AFR___ASW
AFR___ASW___NA20274	AFR___ASW
AFR___ASW___NA20276	AFR___ASW
AFR___ASW___NA20278	AFR___ASW
AFR___ASW___NA20281	AFR___ASW
AFR___ASW___NA20282	AFR___ASW
AFR___ASW___NA20287	AFR___ASW
AFR___ASW___NA20289	AFR___ASW
AFR___ASW___NA20291	AFR___ASW
AFR___ASW___NA20294	AFR___ASW
AFR___ASW___NA20296	AFR___ASW
AFR___ASW___NA20298	AFR___ASW
AFR___ASW___NA20299	AFR___ASW
AFR___ASW___NA20314	AFR___ASW
AFR___ASW___NA20317	AFR___ASW
AFR___ASW___NA20318	AFR___ASW
AFR___ASW___NA20320	AFR___ASW
AFR___ASW___NA20321	AFR___ASW
AFR___ASW___NA20332	AFR___ASW
AFR___ASW___NA20334	AFR___ASW
AFR___ASW___NA20339	AFR___ASW
AFR___ASW___NA20340	AFR___ASW
AFR___ASW___NA20342	AFR___ASW
AFR___ASW___NA20346	AFR___ASW
AFR___ASW___NA20348	AFR___ASW
AFR___ASW___NA20351	AFR___ASW
AFR___ASW___NA20355	AFR___ASW
AFR___ASW___NA20356	AFR___ASW
AFR___ASW___NA20357	AFR___ASW
AFR___ASW___NA20359	AFR___ASW
AFR___ASW___NA20362	AFR___ASW
AFR___ASW___NA20412	AFR___ASW
AFR___ESN___HG02922	AFR___ESN
AFR___ESN___HG02923	AFR___ESN
AFR___ESN___HG02938	AFR___ESN
AFR___ESN___HG02941	AFR___ESN
AFR___ESN___HG02943	AFR___ESN
AFR___ESN___HG02944	AFR___ESN
AFR___ESN___HG02946	AFR___ESN
AFR___ESN___HG02947	AFR___ESN
AFR___ESN___HG02952	AFR___ESN
AFR___ESN___HG02953	AFR___ESN
AFR___ESN___HG02968	AFR___ESN
AFR___ESN___HG02970	AFR___ESN
AFR___ESN___HG02971	AFR___ESN
AFR___ESN___HG02973	AFR___ESN
AFR___ESN___HG02974	AFR___ESN
AFR___ESN___HG02976	AFR___ESN
AFR___ESN___HG02977	AFR___ESN
AFR___ESN___HG02979	AFR___ESN
AFR___ESN___HG02981	AFR___ESN
AFR___ESN___HG03099	AFR___ESN
AFR___ESN___HG03100	AFR___ESN
AFR___ESN___HG03103	AFR___ESN
AFR___ESN___HG03105	AFR___ESN
AFR___ESN___HG03108	AFR___ESN
AFR___ESN___HG03109	AFR___ESN
AFR___ESN___HG03111	AFR___ESN
AFR___ESN___HG03112	AFR___ESN
AFR___ESN___HG03114	AFR___ESN
AFR___ESN___HG03115	AFR___ESN
AFR___ESN___HG03117	AFR___ESN
AFR___ESN___HG03118	AFR___ESN
AFR___ESN___HG03120	AFR___ESN
AFR___ESN___HG03121	AFR___ESN
AFR___ESN___HG03123	AFR___ESN
AFR___ESN___HG03124	AFR___ESN
AFR___ESN___HG03126	AFR___ESN
AFR___ESN___HG03127	AFR___ESN
AFR___ESN___HG03129	AFR___ESN
AFR___ESN___HG03130	AFR___ESN
AFR___ESN___HG03132	AFR___ESN
AFR___ESN___HG03133	AFR___ESN
AFR___ESN___HG03135	AFR___ESN
AFR___ESN___HG03136	AFR___ESN
AFR___ESN___HG03139	AFR___ESN
AFR___ESN___HG03157	AFR___ESN
AFR___ESN___HG03159	AFR___ESN
AFR___ESN___HG03160	AFR___ESN
AFR___ESN___HG03162	AFR___ESN
AFR___ESN___HG03163	AFR___ESN
AFR___ESN___HG03166	AFR___ESN
AFR___ESN___HG03168	AFR___ESN
AFR___ESN___HG03169	AFR___ESN
AFR___ESN___HG03171	AFR___ESN
AFR___ESN___HG03172	AFR___ESN
AFR___ESN___HG03175	AFR___ESN
AFR___ESN___HG03189	AFR___ESN
AFR___ESN___HG03190	AFR___ESN
AFR___ESN___HG03193	AFR___ESN
AFR___ESN___HG03195	AFR___ESN
AFR___ESN___HG03196	AFR___ESN
AFR___ESN___HG03198	AFR___ESN
AFR___ESN___HG03199	AFR___ESN
AFR___ESN___HG03202	AFR___ESN
AFR___ESN___HG03265	AFR___ESN
AFR___ESN___HG03267	AFR___ESN
AFR___ESN___HG03268	AFR___ESN
AFR___ESN___HG03270	AFR___ESN
AFR___ESN___HG03271	AFR___ESN
AFR___ESN___HG03279	AFR___ESN
AFR___ESN___HG03280	AFR___ESN
AFR___ESN___HG03291	AFR___ESN
AFR___ESN___HG03294	AFR___ESN
AFR___ESN___HG03295	AFR___ESN
AFR___ESN___HG03297	AFR___ESN
AFR___ESN___HG03298	AFR___ESN
AFR___ESN___HG03300	AFR___ESN
AFR___ESN___HG03301	AFR___ESN
AFR___ESN___HG03303	AFR___ESN
AFR___ESN___HG03304	AFR___ESN
AFR___ESN___HG03311	AFR___ESN
AFR___ESN___HG03313	AFR___ESN
AFR___ESN___HG03342	AFR___ESN
AFR___ESN___HG03343	AFR___ESN
AFR___ESN___HG03351	AFR___ESN
AFR___ESN___HG03352	AFR___ESN
AFR___ESN___HG03354	AFR___ESN
AFR___ESN___HG03363	AFR___ESN
AFR___ESN___HG03366	AFR___ESN
AFR___ESN___HG03367	AFR___ESN
AFR___ESN___HG03369	AFR___ESN
AFR___ESN___HG03370	AFR___ESN
AFR___ESN___HG03372	AFR___ESN
AFR___ESN___HG03499	AFR___ESN
AFR___ESN___HG03511	AFR___ESN
AFR___ESN___HG03514	AFR___ESN
AFR___ESN___HG03515	AFR___ESN
AFR___ESN___HG03517	AFR___ESN
AFR___ESN___HG03518	AFR___ESN
AFR___ESN___HG03520	AFR___ESN
AFR___ESN___HG03521	AFR___ESN
AFR___GWD___HG02461	AFR___GWD
AFR___GWD___HG02462	AFR___GWD
AFR___GWD___HG02464	AFR___GWD
AFR___GWD___HG02465	AFR___GWD
AFR___GWD___HG02561	AFR___GWD
AFR___GWD___HG02562	AFR___GWD
AFR___GWD___HG02568	AFR___GWD
AFR___GWD___HG02570	AFR___GWD
AFR___GWD___HG02571	AFR___GWD
AFR___GWD___HG02573	AFR___GWD
AFR___GWD___HG02574	AFR___GWD
AFR___GWD___HG02582	AFR___GWD
AFR___GWD___HG02583	AFR___GWD
AFR___GWD___HG02585	AFR___GWD
AFR___GWD___HG02586	AFR___GWD
AFR___GWD___HG02588	AFR___GWD
AFR___GWD___HG02589	AFR___GWD
AFR___GWD___HG02594	AFR___GWD
AFR___GWD___HG02595	AFR___GWD
AFR___GWD___HG02610	AFR___GWD
AFR___GWD___HG02611	AFR___GWD
AFR___GWD___HG02613	AFR___GWD
AFR___GWD___HG02614	AFR___GWD
AFR___GWD___HG02620	AFR___GWD
AFR___GWD___HG02621	AFR___GWD
AFR___GWD___HG02623	AFR___GWD
AFR___GWD___HG02624	AFR___GWD
AFR___GWD___HG02628	AFR___GWD
AFR___GWD___HG02629	AFR___GWD
AFR___GWD___HG02634	AFR___GWD
AFR___GWD___HG02635	AFR___GWD
AFR___GWD___HG02642	AFR___GWD
AFR___GWD___HG02643	AFR___GWD
AFR___GWD___HG02645	AFR___GWD
AFR___GWD___HG02646	AFR___GWD
AFR___GWD___HG02666	AFR___GWD
AFR___GWD___HG02667	AFR___GWD
AFR___GWD___HG02675	AFR___GWD
AFR___GWD___HG02676	AFR___GWD
AFR___GWD___HG02678	AFR___GWD
AFR___GWD___HG02679	AFR___GWD
AFR___GWD___HG02702	AFR___GWD
AFR___GWD___HG02703	AFR___GWD
AFR___GWD___HG02715	AFR___GWD
AFR___GWD___HG02716	AFR___GWD
AFR___GWD___HG02721	AFR___GWD
AFR___GWD___HG02722	AFR___GWD
AFR___GWD___HG02756	AFR___GWD
AFR___GWD___HG02757	AFR___GWD
AFR___GWD___HG02759	AFR___GWD
AFR___GWD___HG02760	AFR___GWD
AFR___GWD___HG02763	AFR___GWD
AFR___GWD___HG02768	AFR___GWD
AFR___GWD___HG02769	AFR___GWD
AFR___GWD___HG02771	AFR___GWD
AFR___GWD___HG02772	AFR___GWD
AFR___GWD___HG02798	AFR___GWD
AFR___GWD___HG02799	AFR___GWD
AFR___GWD___HG02804	AFR___GWD
AFR___GWD___HG02805	AFR___GWD
AFR___GWD___HG02807	AFR___GWD
AFR___GWD___HG02808	AFR___GWD
AFR___GWD___HG02810	AFR___GWD
AFR___GWD___HG02811	AFR___GWD
AFR___GWD___HG02813	AFR___GWD
AFR___GWD___HG02814	AFR___GWD
AFR___GWD___HG02816	AFR___GWD
AFR___GWD___HG02817	AFR___GWD
AFR___GWD___HG02819	AFR___GWD
AFR___GWD___HG02820	AFR___GWD
AFR___GWD___HG02836	AFR___GWD
AFR___GWD___HG02837	AFR___GWD
AFR___GWD___HG02839	AFR___GWD
AFR___GWD___HG02840	AFR___GWD
AFR___GWD___HG02851	AFR___GWD
AFR___GWD___HG02852	AFR___GWD
AFR___GWD___HG02854	AFR___GWD
AFR___GWD___HG02855	AFR___GWD
AFR___GWD___HG02860	AFR___GWD
AFR___GWD___HG02861	AFR___GWD
AFR___GWD___HG02870	AFR___GWD
AFR___GWD___HG02878	AFR___GWD
AFR___GWD___HG02879	AFR___GWD
AFR___GWD___HG02881	AFR___GWD
AFR___GWD___HG02882	AFR___GWD
AFR___GWD___HG02884	AFR___GWD
AFR___GWD___HG02885	AFR___GWD
AFR___GWD___HG02887	AFR___GWD
AFR___GWD___HG02888	AFR___GWD
AFR___GWD___HG02890	AFR___GWD
AFR___GWD___HG02891	AFR___GWD
AFR___GWD___HG02895	AFR___GWD
AFR___GWD___HG02896	AFR___GWD
AFR___GWD___HG02982	AFR___GWD
AFR___GWD___HG02983	AFR___GWD
AFR___GWD___HG03024	AFR___GWD
AFR___GWD___HG03025	AFR___GWD
AFR___GWD___HG03027	AFR___GWD
AFR___GWD___HG03028	AFR___GWD
AFR___GWD___HG03039	AFR___GWD
AFR___GWD___HG03040	AFR___GWD
AFR___GWD___HG03045	AFR___GWD
AFR___GWD___HG03046	AFR___GWD
AFR___GWD___HG03048	AFR___GWD
AFR___GWD___HG03049	AFR___GWD
AFR___GWD___HG03240	AFR___GWD
AFR___GWD___HG03241	AFR___GWD
AFR___GWD___HG03246	AFR___GWD
AFR___GWD___HG03247	AFR___GWD
AFR___GWD___HG03258	AFR___GWD
AFR___GWD___HG03259	AFR___GWD
AFR___GWD___HG03538	AFR___GWD
AFR___GWD___HG03539	AFR___GWD
AFR___LWK___NA19017	AFR___LWK
AFR___LWK___NA19019	AFR___LWK
AFR___LWK___NA19020	AFR___LWK
AFR___LWK___NA19023	AFR___LWK
AFR___LWK___NA19024	AFR___LWK
AFR___LWK___NA19025	AFR___LWK
AFR___LWK___NA19026	AFR___LWK
AFR___LWK___NA19027	AFR___LWK
AFR___LWK___NA19028	AFR___LWK
AFR___LWK___NA19030	AFR___LWK
AFR___LWK___NA19031	AFR___LWK
AFR___LWK___NA19035	AFR___LWK
AFR___LWK___NA19036	AFR___LWK
AFR___LWK___NA19037	AFR___LWK
AFR___LWK___NA19038	AFR___LWK
AFR___LWK___NA19041	AFR___LWK
AFR___LWK___NA19042	AFR___LWK
AFR___LWK___NA19043	AFR___LWK
AFR___LWK___NA19044	AFR___LWK
AFR___LWK___NA19307	AFR___LWK
AFR___LWK___NA19308	AFR___LWK
AFR___LWK___NA19309	AFR___LWK
AFR___LWK___NA19310	AFR___LWK
AFR___LWK___NA19312	AFR___LWK
AFR___LWK___NA19314	AFR___LWK
AFR___LWK___NA19315	AFR___LWK
AFR___LWK___NA19316	AFR___LWK
AFR___LWK___NA19317	AFR___LWK
AFR___LWK___NA19318	AFR___LWK
AFR___LWK___NA19319	AFR___LWK
AFR___LWK___NA19320	AFR___LWK
AFR___LWK___NA19321	AFR___LWK
AFR___LWK___NA19323	AFR___LWK
AFR___LWK___NA19324	AFR___LWK
AFR___LWK___NA19327	AFR___LWK
AFR___LWK___NA19328	AFR___LWK
AFR___LWK___NA19331	AFR___LWK
AFR___LWK___NA19332	AFR___LWK
AFR___LWK___NA19334	AFR___LWK
AFR___LWK___NA19338	AFR___LWK
AFR___LWK___NA19346	AFR___LWK
AFR___LWK___NA19347	AFR___LWK
AFR___LWK___NA19350	AFR___LWK
AFR___LWK___NA19351	AFR___LWK
AFR___LWK___NA19355	AFR___LWK
AFR___LWK___NA19359	AFR___LWK
AFR___LWK___NA19360	AFR___LWK
AFR___LWK___NA19371	AFR___LWK
AFR___LWK___NA19372	AFR___LWK
AFR___LWK___NA19374	AFR___LWK
AFR___LWK___NA19375	AFR___LWK
AFR___LWK___NA19376	AFR___LWK
AFR___LWK___NA19377	AFR___LWK
AFR___LWK___NA19378	AFR___LWK
AFR___LWK___NA19379	AFR___LWK
AFR___LWK___NA19380	AFR___LWK
AFR___LWK___NA19383	AFR___LWK
AFR___LWK___NA19384	AFR___LWK
AFR___LWK___NA19385	AFR___LWK
AFR___LWK___NA19390	AFR___LWK
AFR___LWK___NA19391	AFR___LWK
AFR___LWK___NA19393	AFR___LWK
AFR___LWK___NA19394	AFR___LWK
AFR___LWK___NA19395	AFR___LWK
AFR___LWK___NA19397	AFR___LWK
AFR___LWK___NA19398	AFR___LWK
AFR___LWK___NA19399	AFR___LWK
AFR___LWK___NA19401	AFR___LWK
AFR___LWK___NA19403	AFR___LWK
AFR___LWK___NA19404	AFR___LWK
AFR___LWK___NA19428	AFR___LWK
AFR___LWK___NA19429	AFR___LWK
AFR___LWK___NA19430	AFR___LWK
AFR___LWK___NA19431	AFR___LWK
AFR___LWK___NA19434	AFR___LWK
AFR___LWK___NA19435	AFR___LWK
AFR___LWK___NA19436	AFR___LWK
AFR___LWK___NA19437	AFR___LWK
AFR___LWK___NA19438	AFR___LWK
AFR___LWK___NA19439	AFR___LWK
AFR___LWK___NA19440	AFR___LWK
AFR___LWK___NA19443	AFR___LWK
AFR___LWK___NA19445	AFR___LWK
AFR___LWK___NA19446	AFR___LWK
AFR___LWK___NA19448	AFR___LWK
AFR___LWK___NA19449	AFR___LWK
AFR___LWK___NA19451	AFR___LWK
AFR___LWK___NA19452	AFR___LWK
AFR___LWK___NA19454	AFR___LWK
AFR___LWK___NA19455	AFR___LWK
AFR___LWK___NA19456	AFR___LWK
AFR___LWK___NA19457	AFR___LWK
AFR___LWK___NA19461	AFR___LWK
AFR___LWK___NA19462	AFR___LWK
AFR___LWK___NA19463	AFR___LWK
AFR___LWK___NA19466	AFR___LWK
AFR___LWK___NA19467	AFR___LWK
AFR___LWK___NA19468	AFR___LWK
AFR___LWK___NA19471	AFR___LWK
AFR___LWK___NA19472	AFR___LWK
AFR___LWK___NA19473	AFR___LWK
AFR___LWK___NA19474	AFR___LWK
AFR___LWK___NA19475	AFR___LWK
AFR___MSL___HG03052	AFR___MSL
AFR___MSL___HG03054	AFR___MSL
AFR___MSL___HG03055	AFR___MSL
AFR___MSL___HG03057	AFR___MSL
AFR___MSL___HG03058	AFR___MSL
AFR___MSL___HG03060	AFR___MSL
AFR___MSL___HG03061	AFR___MSL
AFR___MSL___HG03063	AFR___MSL
AFR___MSL___HG03064	AFR___MSL
AFR___MSL___HG03066	AFR___MSL
AFR___MSL___HG03069	AFR___MSL
AFR___MSL___HG03072	AFR___MSL
AFR___MSL___HG03073	AFR___MSL
AFR___MSL___HG03074	AFR___MSL
AFR___MSL___HG03077	AFR___MSL
AFR___MSL___HG03078	AFR___MSL
AFR___MSL___HG03079	AFR___MSL
AFR___MSL___HG03081	AFR___MSL
AFR___MSL___HG03082	AFR___MSL
AFR___MSL___HG03084	AFR___MSL
AFR___MSL___HG03085	AFR___MSL
AFR___MSL___HG03086	AFR___MSL
AFR___MSL___HG03088	AFR___MSL
AFR___MSL___HG03091	AFR___MSL
AFR___MSL___HG03095	AFR___MSL
AFR___MSL___HG03096	AFR___MSL
AFR___MSL___HG03097	AFR___MSL
AFR___MSL___HG03209	AFR___MSL
AFR___MSL___HG03212	AFR___MSL
AFR___MSL___HG03224	AFR___MSL
AFR___MSL___HG03225	AFR___MSL
AFR___MSL___HG03376	AFR___MSL
AFR___MSL___HG03378	AFR___MSL
AFR___MSL___HG03380	AFR___MSL
AFR___MSL___HG03382	AFR___MSL
AFR___MSL___HG03385	AFR___MSL
AFR___MSL___HG03388	AFR___MSL
AFR___MSL___HG03391	AFR___MSL
AFR___MSL___HG03393	AFR___MSL
AFR___MSL___HG03394	AFR___MSL
AFR___MSL___HG03397	AFR___MSL
AFR___MSL___HG03398	AFR___MSL
AFR___MSL___HG03401	AFR___MSL
AFR___MSL___HG03410	AFR___MSL
AFR___MSL___HG03419	AFR___MSL
AFR___MSL___HG03428	AFR___MSL
AFR___MSL___HG03431	AFR___MSL
AFR___MSL___HG03432	AFR___MSL
AFR___MSL___HG03433	AFR___MSL
AFR___MSL___HG03436	AFR___MSL
AFR___MSL___HG03437	AFR___MSL
AFR___MSL___HG03439	AFR___MSL
AFR___MSL___HG03442	AFR___MSL
AFR___MSL___HG03445	AFR___MSL
AFR___MSL___HG03446	AFR___MSL
AFR___MSL___HG03449	AFR___MSL
AFR___MSL___HG03451	AFR___MSL
AFR___MSL___HG03452	AFR___MSL
AFR___MSL___HG03455	AFR___MSL
AFR___MSL___HG03457	AFR___MSL
AFR___MSL___HG03458	AFR___MSL
AFR___MSL___HG03460	AFR___MSL
AFR___MSL___HG03461	AFR___MSL
AFR___MSL___HG03462	AFR___MSL
AFR___MSL___HG03464	AFR___MSL
AFR___MSL___HG03469	AFR___MSL
AFR___MSL___HG03470	AFR___MSL
AFR___MSL___HG03472	AFR___MSL
AFR___MSL___HG03473	AFR___MSL
AFR___MSL___HG03476	AFR___MSL
AFR___MSL___HG03478	AFR___MSL
AFR___MSL___HG03479	AFR___MSL
AFR___MSL___HG03484	AFR___MSL
AFR___MSL___HG03485	AFR___MSL
AFR___MSL___HG03547	AFR___MSL
AFR___MSL___HG03548	AFR___MSL
AFR___MSL___HG03549	AFR___MSL
AFR___MSL___HG03556	AFR___MSL
AFR___MSL___HG03557	AFR___MSL
AFR___MSL___HG03558	AFR___MSL
AFR___MSL___HG03559	AFR___MSL
AFR___MSL___HG03563	AFR___MSL
AFR___MSL___HG03565	AFR___MSL
AFR___MSL___HG03567	AFR___MSL
AFR___MSL___HG03571	AFR___MSL
AFR___MSL___HG03572	AFR___MSL
AFR___MSL___HG03575	AFR___MSL
AFR___MSL___HG03577	AFR___MSL
AFR___MSL___HG03578	AFR___MSL
AFR___MSL___HG03583	AFR___MSL
AFR___YRI___NA18486	AFR___YRI
AFR___YRI___NA18488	AFR___YRI
AFR___YRI___NA18489	AFR___YRI
AFR___YRI___NA18499	AFR___YRI
AFR___YRI___NA18501	AFR___YRI
AFR___YRI___NA18502	AFR___YRI
AFR___YRI___NA18504	AFR___YRI
AFR___YRI___NA18505	AFR___YRI
AFR___YRI___NA18507	AFR___YRI
AFR___YRI___NA18508	AFR___YRI
AFR___YRI___NA18510	AFR___YRI
AFR___YRI___NA18511	AFR___YRI
AFR___YRI___NA18516	AFR___YRI
AFR___YRI___NA18517	AFR___YRI
AFR___YRI___NA18519	AFR___YRI
AFR___YRI___NA18520	AFR___YRI
AFR___YRI___NA18522	AFR___YRI
AFR___YRI___NA18523	AFR___YRI
AFR___YRI___NA18853	AFR___YRI
AFR___YRI___NA18856	AFR___YRI
AFR___YRI___NA18858	AFR___YRI
AFR___YRI___NA18861	AFR___YRI
AFR___YRI___NA18864	AFR___YRI
AFR___YRI___NA18865	AFR___YRI
AFR___YRI___NA18867	AFR___YRI
AFR___YRI___NA18868	AFR___YRI
AFR___YRI___NA18870	AFR___YRI
AFR___YRI___NA18871	AFR___YRI
AFR___YRI___NA18873	AFR___YRI
AFR___YRI___NA18874	AFR___YRI
AFR___YRI___NA18876	AFR___YRI
AFR___YRI___NA18877	AFR___YRI
AFR___YRI___NA18878	AFR___YRI
AFR___YRI___NA18879	AFR___YRI
AFR___YRI___NA18881	AFR___YRI
AFR___YRI___NA18907	AFR___YRI
AFR___YRI___NA18908	AFR___YRI
AFR___YRI___NA18909	AFR___YRI
AFR___YRI___NA18910	AFR___YRI
AFR___YRI___NA18912	AFR___YRI
AFR___YRI___NA18915	AFR___YRI
AFR___YRI___NA18916	AFR___YRI
AFR___YRI___NA18917	AFR___YRI
AFR___YRI___NA18923	AFR___YRI
AFR___YRI___NA18924	AFR___YRI
AFR___YRI___NA18933	AFR___YRI
AFR___YRI___NA18934	AFR___YRI
AFR___YRI___NA19092	AFR___YRI
AFR___YRI___NA19093	AFR___YRI
AFR___YRI___NA19095	AFR___YRI
AFR___YRI___NA19096	AFR___YRI
AFR___YRI___NA19098	AFR___YRI
AFR___YRI___NA19099	AFR___YRI
AFR___YRI___NA19102	AFR___YRI
AFR___YRI___NA19107	AFR___YRI
AFR___YRI___NA19108	AFR___YRI
AFR___YRI___NA19113	AFR___YRI
AFR___YRI___NA19114	AFR___YRI
AFR___YRI___NA19116	AFR___YRI
AFR___YRI___NA19117	AFR___YRI
AFR___YRI___NA19118	AFR___YRI
AFR___YRI___NA19119	AFR___YRI
AFR___YRI___NA19121	AFR___YRI
AFR___YRI___NA19129	AFR___YRI
AFR___YRI___NA19130	AFR___YRI
AFR___YRI___NA19131	AFR___YRI
AFR___YRI___NA19137	AFR___YRI
AFR___YRI___NA19138	AFR___YRI
AFR___YRI___NA19141	AFR___YRI
AFR___YRI___NA19143	AFR___YRI
AFR___YRI___NA19144	AFR___YRI
AFR___YRI___NA19146	AFR___YRI
AFR___YRI___NA19147	AFR___YRI
AFR___YRI___NA19149	AFR___YRI
AFR___YRI___NA19152	AFR___YRI
AFR___YRI___NA19153	AFR___YRI
AFR___YRI___NA19159	AFR___YRI
AFR___YRI___NA19160	AFR___YRI
AFR___YRI___NA19171	AFR___YRI
AFR___YRI___NA19172	AFR___YRI
AFR___YRI___NA19175	AFR___YRI
AFR___YRI___NA19184	AFR___YRI
AFR___YRI___NA19185	AFR___YRI
AFR___YRI___NA19189	AFR___YRI
AFR___YRI___NA19190	AFR___YRI
AFR___YRI___NA19197	AFR___YRI
AFR___YRI___NA19198	AFR___YRI
AFR___YRI___NA19200	AFR___YRI
AFR___YRI___NA19201	AFR___YRI
AFR___YRI___NA19204	AFR___YRI
AFR___YRI___NA19206	AFR___YRI
AFR___YRI___NA19207	AFR___YRI
AFR___YRI___NA19209	AFR___YRI
AFR___YRI___NA19210	AFR___YRI
AFR___YRI___NA19213	AFR___YRI
AFR___YRI___NA19214	AFR___YRI
AFR___YRI___NA19222	AFR___YRI
AFR___YRI___NA19223	AFR___YRI
AFR___YRI___NA19225	AFR___YRI
AFR___YRI___NA19235	AFR___YRI
AFR___YRI___NA19236	AFR___YRI
AFR___YRI___NA19238	AFR___YRI
AFR___YRI___NA19239	AFR___YRI
AFR___YRI___NA19247	AFR___YRI
AFR___YRI___NA19248	AFR___YRI
AFR___YRI___NA19256	AFR___YRI
AFR___YRI___NA19257	AFR___YRI
AMR___CLM___HG01112	AMR___CLM
AMR___CLM___HG01113	AMR___CLM
AMR___CLM___HG01119	AMR___CLM
AMR___CLM___HG01121	AMR___CLM
AMR___CLM___HG01122	AMR___CLM
AMR___CLM___HG01124	AMR___CLM
AMR___CLM___HG01125	AMR___CLM
AMR___CLM___HG01130	AMR___CLM
AMR___CLM___HG01131	AMR___CLM
AMR___CLM___HG01133	AMR___CLM
AMR___CLM___HG01134	AMR___CLM
AMR___CLM___HG01136	AMR___CLM
AMR___CLM___HG01137	AMR___CLM
AMR___CLM___HG01139	AMR___CLM
AMR___CLM___HG01140	AMR___CLM
AMR___CLM___HG01142	AMR___CLM
AMR___CLM___HG01148	AMR___CLM
AMR___CLM___HG01149	AMR___CLM
AMR___CLM___HG01250	AMR___CLM
AMR___CLM___HG01251	AMR___CLM
AMR___CLM___HG01253	AMR___CLM
AMR___CLM___HG01254	AMR___CLM
AMR___CLM___HG01256	AMR___CLM
AMR___CLM___HG01257	AMR___CLM
AMR___CLM___HG01259	AMR___CLM
AMR___CLM___HG01260	AMR___CLM
AMR___CLM___HG01269	AMR___CLM
AMR___CLM___HG01271	AMR___CLM
AMR___CLM___HG01272	AMR___CLM
AMR___CLM___HG01275	AMR___CLM
AMR___CLM___HG01277	AMR___CLM
AMR___CLM___HG01280	AMR___CLM
AMR___CLM___HG01281	AMR___CLM
AMR___CLM___HG01284	AMR___CLM
AMR___CLM___HG01341	AMR___CLM
AMR___CLM___HG01342	AMR___CLM
AMR___CLM___HG01344	AMR___CLM
AMR___CLM___HG01345	AMR___CLM
AMR___CLM___HG01348	AMR___CLM
AMR___CLM___HG01350	AMR___CLM
AMR___CLM___HG01351	AMR___CLM
AMR___CLM___HG01353	AMR___CLM
AMR___CLM___HG01354	AMR___CLM
AMR___CLM___HG01356	AMR___CLM
AMR___CLM___HG01357	AMR___CLM
AMR___CLM___HG01359	AMR___CLM
AMR___CLM___HG01360	AMR___CLM
AMR___CLM___HG01362	AMR___CLM
AMR___CLM___HG01363	AMR___CLM
AMR___CLM___HG01365	AMR___CLM
AMR___CLM___HG01366	AMR___CLM
AMR___CLM___HG01369	AMR___CLM
AMR___CLM___HG01372	AMR___CLM
AMR___CLM___HG01374	AMR___CLM
AMR___CLM___HG01375	AMR___CLM
AMR___CLM___HG01377	AMR___CLM
AMR___CLM___HG01378	AMR___CLM
AMR___CLM___HG01383	AMR___CLM
AMR___CLM___HG01384	AMR___CLM
AMR___CLM___HG01389	AMR___CLM
AMR___CLM___HG01390	AMR___CLM
AMR___CLM___HG01431	AMR___CLM
AMR___CLM___HG01432	AMR___CLM
AMR___CLM___HG01435	AMR___CLM
AMR___CLM___HG01437	AMR___CLM
AMR___CLM___HG01438	AMR___CLM
AMR___CLM___HG01440	AMR___CLM
AMR___CLM___HG01441	AMR___CLM
AMR___CLM___HG01443	AMR___CLM
AMR___CLM___HG01444	AMR___CLM
AMR___CLM___HG01447	AMR___CLM
AMR___CLM___HG01455	AMR___CLM
AMR___CLM___HG01456	AMR___CLM
AMR___CLM___HG01459	AMR___CLM
AMR___CLM___HG01461	AMR___CLM
AMR___CLM___HG01462	AMR___CLM
AMR___CLM___HG01464	AMR___CLM
AMR___CLM___HG01465	AMR___CLM
AMR___CLM___HG01468	AMR___CLM
AMR___CLM___HG01471	AMR___CLM
AMR___CLM___HG01474	AMR___CLM
AMR___CLM___HG01479	AMR___CLM
AMR___CLM___HG01485	AMR___CLM
AMR___CLM___HG01486	AMR___CLM
AMR___CLM___HG01488	AMR___CLM
AMR___CLM___HG01489	AMR___CLM
AMR___CLM___HG01491	AMR___CLM
AMR___CLM___HG01492	AMR___CLM
AMR___CLM___HG01494	AMR___CLM
AMR___CLM___HG01495	AMR___CLM
AMR___CLM___HG01497	AMR___CLM
AMR___CLM___HG01498	AMR___CLM
AMR___CLM___HG01550	AMR___CLM
AMR___CLM___HG01551	AMR___CLM
AMR___CLM___HG01556	AMR___CLM
AMR___MXL___NA19648	AMR___MXL
AMR___MXL___NA19649	AMR___MXL
AMR___MXL___NA19651	AMR___MXL
AMR___MXL___NA19652	AMR___MXL
AMR___MXL___NA19654	AMR___MXL
AMR___MXL___NA19655	AMR___MXL
AMR___MXL___NA19657	AMR___MXL
AMR___MXL___NA19658	AMR___MXL
AMR___MXL___NA19661	AMR___MXL
AMR___MXL___NA19663	AMR___MXL
AMR___MXL___NA19664	AMR___MXL
AMR___MXL___NA19669	AMR___MXL
AMR___MXL___NA19670	AMR___MXL
AMR___MXL___NA19676	AMR___MXL
AMR___MXL___NA19678	AMR___MXL
AMR___MXL___NA19679	AMR___MXL
AMR___MXL___NA19681	AMR___MXL
AMR___MXL___NA19682	AMR___MXL
AMR___MXL___NA19684	AMR___MXL
AMR___MXL___NA19716	AMR___MXL
AMR___MXL___NA19717	AMR___MXL
AMR___MXL___NA19719	AMR___MXL
AMR___MXL___NA19720	AMR___MXL
AMR___MXL___NA19722	AMR___MXL
AMR___MXL___NA19723	AMR___MXL
AMR___MXL___NA19725	AMR___MXL
AMR___MXL___NA19726	AMR___MXL
AMR___MXL___NA19728	AMR___MXL
AMR___MXL___NA19729	AMR___MXL
AMR___MXL___NA19731	AMR___MXL
AMR___MXL___NA19732	AMR___MXL
AMR___MXL___NA19734	AMR___MXL
AMR___MXL___NA19735	AMR___MXL
AMR___MXL___NA19740	AMR___MXL
AMR___MXL___NA19741	AMR___MXL
AMR___MXL___NA19746	AMR___MXL
AMR___MXL___NA19747	AMR___MXL
AMR___MXL___NA19749	AMR___MXL
AMR___MXL___NA19750	AMR___MXL
AMR___MXL___NA19752	AMR___MXL
AMR___MXL___NA19755	AMR___MXL
AMR___MXL___NA19756	AMR___MXL
AMR___MXL___NA19758	AMR___MXL
AMR___MXL___NA19759	AMR___MXL
AMR___MXL___NA19761	AMR___MXL
AMR___MXL___NA19762	AMR___MXL
AMR___MXL___NA19764	AMR___MXL
AMR___MXL___NA19770	AMR___MXL
AMR___MXL___NA19771	AMR___MXL
AMR___MXL___NA19773	AMR___MXL
AMR___MXL___NA19774	AMR___MXL
AMR___MXL___NA19776	AMR___MXL
AMR___MXL___NA19777	AMR___MXL
AMR___MXL___NA19779	AMR___MXL
AMR___MXL___NA19780	AMR___MXL
AMR___MXL___NA19782	AMR___MXL
AMR___MXL___NA19783	AMR___MXL
AMR___MXL___NA19785	AMR___MXL
AMR___MXL___NA19786	AMR___MXL
AMR___MXL___NA19788	AMR___MXL
AMR___MXL___NA19789	AMR___MXL
AMR___MXL___NA19792	AMR___MXL
AMR___MXL___NA19794	AMR___MXL
AMR___MXL___NA19795	AMR___MXL
AMR___PEL___HG01565	AMR___PEL
AMR___PEL___HG01566	AMR___PEL
AMR___PEL___HG01571	AMR___PEL
AMR___PEL___HG01572	AMR___PEL
AMR___PEL___HG01577	AMR___PEL
AMR___PEL___HG01578	AMR___PEL
AMR___PEL___HG01892	AMR___PEL
AMR___PEL___HG01893	AMR___PEL
AMR___PEL___HG01917	AMR___PEL
AMR___PEL___HG01918	AMR___PEL
AMR___PEL___HG01920	AMR___PEL
AMR___PEL___HG01921	AMR___PEL
AMR___PEL___HG01923	AMR___PEL
AMR___PEL___HG01924	AMR___PEL
AMR___PEL___HG01926	AMR___PEL
AMR___PEL___HG01927	AMR___PEL
AMR___PEL___HG01932	AMR___PEL
AMR___PEL___HG01933	AMR___PEL
AMR___PEL___HG01935	AMR___PEL
AMR___PEL___HG01936	AMR___PEL
AMR___PEL___HG01938	AMR___PEL
AMR___PEL___HG01939	AMR___PEL
AMR___PEL___HG01941	AMR___PEL
AMR___PEL___HG01942	AMR___PEL
AMR___PEL___HG01944	AMR___PEL
AMR___PEL___HG01945	AMR___PEL
AMR___PEL___HG01947	AMR___PEL
AMR___PEL___HG01948	AMR___PEL
AMR___PEL___HG01950	AMR___PEL
AMR___PEL___HG01951	AMR___PEL
AMR___PEL___HG01953	AMR___PEL
AMR___PEL___HG01954	AMR___PEL
AMR___PEL___HG01961	AMR___PEL
AMR___PEL___HG01965	AMR___PEL
AMR___PEL___HG01967	AMR___PEL
AMR___PEL___HG01968	AMR___PEL
AMR___PEL___HG01970	AMR___PEL
AMR___PEL___HG01971	AMR___PEL
AMR___PEL___HG01973	AMR___PEL
AMR___PEL___HG01974	AMR___PEL
AMR___PEL___HG01976	AMR___PEL
AMR___PEL___HG01977	AMR___PEL
AMR___PEL___HG01979	AMR___PEL
AMR___PEL___HG01980	AMR___PEL
AMR___PEL___HG01982	AMR___PEL
AMR___PEL___HG01991	AMR___PEL
AMR___PEL___HG01992	AMR___PEL
AMR___PEL___HG01997	AMR___PEL
AMR___PEL___HG02002	AMR___PEL
AMR___PEL___HG02003	AMR___PEL
AMR___PEL___HG02006	AMR___PEL
AMR___PEL___HG02008	AMR___PEL
AMR___PEL___HG02089	AMR___PEL
AMR___PEL___HG02090	AMR___PEL
AMR___PEL___HG02102	AMR___PEL
AMR___PEL___HG02104	AMR___PEL
AMR___PEL___HG02105	AMR___PEL
AMR___PEL___HG02146	AMR___PEL
AMR___PEL___HG02147	AMR___PEL
AMR___PEL___HG02150	AMR___PEL
AMR___PEL___HG02252	AMR___PEL
AMR___PEL___HG02253	AMR___PEL
AMR___PEL___HG02259	AMR___PEL
AMR___PEL___HG02260	AMR___PEL
AMR___PEL___HG02262	AMR___PEL
AMR___PEL___HG02265	AMR___PEL
AMR___PEL___HG02266	AMR___PEL
AMR___PEL___HG02271	AMR___PEL
AMR___PEL___HG02272	AMR___PEL
AMR___PEL___HG02274	AMR___PEL
AMR___PEL___HG02275	AMR___PEL
AMR___PEL___HG02277	AMR___PEL
AMR___PEL___HG02278	AMR___PEL
AMR___PEL___HG02285	AMR___PEL
AMR___PEL___HG02286	AMR___PEL
AMR___PEL___HG02291	AMR___PEL
AMR___PEL___HG02292	AMR___PEL
AMR___PEL___HG02298	AMR___PEL
AMR___PEL___HG02299	AMR___PEL
AMR___PEL___HG02301	AMR___PEL
AMR___PEL___HG02304	AMR___PEL
AMR___PEL___HG02312	AMR___PEL
AMR___PEL___HG02345	AMR___PEL
AMR___PEL___HG02348	AMR___PEL
AMR___PEL___HG02425	AMR___PEL
AMR___PUR___HG00551	AMR___PUR
AMR___PUR___HG00553	AMR___PUR
AMR___PUR___HG00554	AMR___PUR
AMR___PUR___HG00637	AMR___PUR
AMR___PUR___HG00638	AMR___PUR
AMR___PUR___HG00640	AMR___PUR
AMR___PUR___HG00641	AMR___PUR
AMR___PUR___HG00731	AMR___PUR
AMR___PUR___HG00732	AMR___PUR
AMR___PUR___HG00734	AMR___PUR
AMR___PUR___HG00736	AMR___PUR
AMR___PUR___HG00737	AMR___PUR
AMR___PUR___HG00739	AMR___PUR
AMR___PUR___HG00740	AMR___PUR
AMR___PUR___HG00742	AMR___PUR
AMR___PUR___HG00743	AMR___PUR
AMR___PUR___HG01047	AMR___PUR
AMR___PUR___HG01048	AMR___PUR
AMR___PUR___HG01049	AMR___PUR
AMR___PUR___HG01051	AMR___PUR
AMR___PUR___HG01052	AMR___PUR
AMR___PUR___HG01054	AMR___PUR
AMR___PUR___HG01055	AMR___PUR
AMR___PUR___HG01058	AMR___PUR
AMR___PUR___HG01060	AMR___PUR
AMR___PUR___HG01061	AMR___PUR
AMR___PUR___HG01063	AMR___PUR
AMR___PUR___HG01064	AMR___PUR
AMR___PUR___HG01066	AMR___PUR
AMR___PUR___HG01067	AMR___PUR
AMR___PUR___HG01069	AMR___PUR
AMR___PUR___HG01070	AMR___PUR
AMR___PUR___HG01072	AMR___PUR
AMR___PUR___HG01073	AMR___PUR
AMR___PUR___HG01075	AMR___PUR
AMR___PUR___HG01077	AMR___PUR
AMR___PUR___HG01079	AMR___PUR
AMR___PUR___HG01080	AMR___PUR
AMR___PUR___HG01082	AMR___PUR
AMR___PUR___HG01083	AMR___PUR
AMR___PUR___HG01085	AMR___PUR
AMR___PUR___HG01086	AMR___PUR
AMR___PUR___HG01088	AMR___PUR
AMR___PUR___HG01089	AMR___PUR
AMR___PUR___HG01092	AMR___PUR
AMR___PUR___HG01094	AMR___PUR
AMR___PUR___HG01095	AMR___PUR
AMR___PUR___HG01097	AMR___PUR
AMR___PUR___HG01098	AMR___PUR
AMR___PUR___HG01101	AMR___PUR
AMR___PUR___HG01102	AMR___PUR
AMR___PUR___HG01104	AMR___PUR
AMR___PUR___HG01105	AMR___PUR
AMR___PUR___HG01107	AMR___PUR
AMR___PUR___HG01108	AMR___PUR
AMR___PUR___HG01110	AMR___PUR
AMR___PUR___HG01111	AMR___PUR
AMR___PUR___HG01161	AMR___PUR
AMR___PUR___HG01162	AMR___PUR
AMR___PUR___HG01164	AMR___PUR
AMR___PUR___HG01167	AMR___PUR
AMR___PUR___HG01168	AMR___PUR
AMR___PUR___HG01170	AMR___PUR
AMR___PUR___HG01171	AMR___PUR
AMR___PUR___HG01173	AMR___PUR
AMR___PUR___HG01174	AMR___PUR
AMR___PUR___HG01176	AMR___PUR
AMR___PUR___HG01177	AMR___PUR
AMR___PUR___HG01182	AMR___PUR
AMR___PUR___HG01183	AMR___PUR
AMR___PUR___HG01187	AMR___PUR
AMR___PUR___HG01188	AMR___PUR
AMR___PUR___HG01190	AMR___PUR
AMR___PUR___HG01191	AMR___PUR
AMR___PUR___HG01197	AMR___PUR
AMR___PUR___HG01198	AMR___PUR
AMR___PUR___HG01200	AMR___PUR
AMR___PUR___HG01204	AMR___PUR
AMR___PUR___HG01205	AMR___PUR
AMR___PUR___HG01241	AMR___PUR
AMR___PUR___HG01242	AMR___PUR
AMR___PUR___HG01247	AMR___PUR
AMR___PUR___HG01248	AMR___PUR
AMR___PUR___HG01286	AMR___PUR
AMR___PUR___HG01302	AMR___PUR
AMR___PUR___HG01303	AMR___PUR
AMR___PUR___HG01305	AMR___PUR
AMR___PUR___HG01308	AMR___PUR
AMR___PUR___HG01311	AMR___PUR
AMR___PUR___HG01312	AMR___PUR
AMR___PUR___HG01323	AMR___PUR
AMR___PUR___HG01325	AMR___PUR
AMR___PUR___HG01326	AMR___PUR
AMR___PUR___HG01392	AMR___PUR
AMR___PUR___HG01393	AMR___PUR
AMR___PUR___HG01395	AMR___PUR
AMR___PUR___HG01396	AMR___PUR
AMR___PUR___HG01398	AMR___PUR
AMR___PUR___HG01402	AMR___PUR
AMR___PUR___HG01403	AMR___PUR
AMR___PUR___HG01405	AMR___PUR
AMR___PUR___HG01412	AMR___PUR
AMR___PUR___HG01413	AMR___PUR
AMR___PUR___HG01414	AMR___PUR
EAS___CDX___HG00759	EAS___CDX
EAS___CDX___HG00766	EAS___CDX
EAS___CDX___HG00844	EAS___CDX
EAS___CDX___HG00851	EAS___CDX
EAS___CDX___HG00864	EAS___CDX
EAS___CDX___HG00867	EAS___CDX
EAS___CDX___HG00879	EAS___CDX
EAS___CDX___HG00881	EAS___CDX
EAS___CDX___HG00956	EAS___CDX
EAS___CDX___HG00978	EAS___CDX
EAS___CDX___HG00982	EAS___CDX
EAS___CDX___HG01028	EAS___CDX
EAS___CDX___HG01029	EAS___CDX
EAS___CDX___HG01031	EAS___CDX
EAS___CDX___HG01046	EAS___CDX
EAS___CDX___HG01794	EAS___CDX
EAS___CDX___HG01795	EAS___CDX
EAS___CDX___HG01796	EAS___CDX
EAS___CDX___HG01797	EAS___CDX
EAS___CDX___HG01798	EAS___CDX
EAS___CDX___HG01799	EAS___CDX
EAS___CDX___HG01800	EAS___CDX
EAS___CDX___HG01801	EAS___CDX
EAS___CDX___HG01802	EAS___CDX
EAS___CDX___HG01804	EAS___CDX
EAS___CDX___HG01805	EAS___CDX
EAS___CDX___HG01806	EAS___CDX
EAS___CDX___HG01807	EAS___CDX
EAS___CDX___HG01808	EAS___CDX
EAS___CDX___HG01809	EAS___CDX
EAS___CDX___HG01810	EAS___CDX
EAS___CDX___HG01811	EAS___CDX
EAS___CDX___HG01812	EAS___CDX
EAS___CDX___HG01813	EAS___CDX
EAS___CDX___HG01815	EAS___CDX
EAS___CDX___HG01816	EAS___CDX
EAS___CDX___HG01817	EAS___CDX
EAS___CDX___HG02151	EAS___CDX
EAS___CDX___HG02152	EAS___CDX
EAS___CDX___HG02153	EAS___CDX
EAS___CDX___HG02154	EAS___CDX
EAS___CDX___HG02155	EAS___CDX
EAS___CDX___HG02156	EAS___CDX
EAS___CDX___HG02164	EAS___CDX
EAS___CDX___HG02165	EAS___CDX
EAS___CDX___HG02166	EAS___CDX
EAS___CDX___HG02168	EAS___CDX
EAS___CDX___HG02169	EAS___CDX
EAS___CDX___HG02170	EAS___CDX
EAS___CDX___HG02173	EAS___CDX
EAS___CDX___HG02176	EAS___CDX
EAS___CDX___HG02178	EAS___CDX
EAS___CDX___HG02179	EAS___CDX
EAS___CDX___HG02180	EAS___CDX
EAS___CDX___HG02181	EAS___CDX
EAS___CDX___HG02182	EAS___CDX
EAS___CDX___HG02184	EAS___CDX
EAS___CDX___HG02185	EAS___CDX
EAS___CDX___HG02186	EAS___CDX
EAS___CDX___HG02187	EAS___CDX
EAS___CDX___HG02188	EAS___CDX
EAS___CDX___HG02190	EAS___CDX
EAS___CDX___HG02250	EAS___CDX
EAS___CDX___HG02351	EAS___CDX
EAS___CDX___HG02353	EAS___CDX
EAS___CDX___HG02355	EAS___CDX
EAS___CDX___HG02356	EAS___CDX
EAS___CDX___HG02358	EAS___CDX
EAS___CDX___HG02360	EAS___CDX
EAS___CDX___HG02364	EAS___CDX
EAS___CDX___HG02367	EAS___CDX
EAS___CDX___HG02371	EAS___CDX
EAS___CDX___HG02373	EAS___CDX
EAS___CDX___HG02374	EAS___CDX
EAS___CDX___HG02375	EAS___CDX
EAS___CDX___HG02379	EAS___CDX
EAS___CDX___HG02380	EAS___CDX
EAS___CDX___HG02382	EAS___CDX
EAS___CDX___HG02383	EAS___CDX
EAS___CDX___HG02384	EAS___CDX
EAS___CDX___HG02385	EAS___CDX
EAS___CDX___HG02386	EAS___CDX
EAS___CDX___HG02389	EAS___CDX
EAS___CDX___HG02390	EAS___CDX
EAS___CDX___HG02391	EAS___CDX
EAS___CDX___HG02392	EAS___CDX
EAS___CDX___HG02394	EAS___CDX
EAS___CDX___HG02395	EAS___CDX
EAS___CDX___HG02396	EAS___CDX
EAS___CDX___HG02397	EAS___CDX
EAS___CDX___HG02398	EAS___CDX
EAS___CDX___HG02399	EAS___CDX
EAS___CDX___HG02401	EAS___CDX
EAS___CDX___HG02402	EAS___CDX
EAS___CDX___HG02405	EAS___CDX
EAS___CDX___HG02406	EAS___CDX
EAS___CDX___HG02407	EAS___CDX
EAS___CDX___HG02408	EAS___CDX
EAS___CDX___HG02409	EAS___CDX
EAS___CDX___HG02410	EAS___CDX
EAS___CHB___NA18525	EAS___CHB
EAS___CHB___NA18526	EAS___CHB
EAS___CHB___NA18527	EAS___CHB
EAS___CHB___NA18528	EAS___CHB
EAS___CHB___NA18530	EAS___CHB
EAS___CHB___NA18531	EAS___CHB
EAS___CHB___NA18532	EAS___CHB
EAS___CHB___NA18533	EAS___CHB
EAS___CHB___NA18534	EAS___CHB
EAS___CHB___NA18535	EAS___CHB
EAS___CHB___NA18536	EAS___CHB
EAS___CHB___NA18537	EAS___CHB
EAS___CHB___NA18538	EAS___CHB
EAS___CHB___NA18539	EAS___CHB
EAS___CHB___NA18541	EAS___CHB
EAS___CHB___NA18542	EAS___CHB
EAS___CHB___NA18543	EAS___CHB
EAS___CHB___NA18544	EAS___CHB
EAS___CHB___NA18545	EAS___CHB
EAS___CHB___NA18546	EAS___CHB
EAS___CHB___NA18547	EAS___CHB
EAS___CHB___NA18548	EAS___CHB
EAS___CHB___NA18549	EAS___CHB
EAS___CHB___NA18550	EAS___CHB
EAS___CHB___NA18552	EAS___CHB
EAS___CHB___NA18553	EAS___CHB
EAS___CHB___NA18555	EAS___CHB
EAS___CHB___NA18557	EAS___CHB
EAS___CHB___NA18558	EAS___CHB
EAS___CHB___NA18559	EAS___CHB
EAS___CHB___NA18560	EAS___CHB
EAS___CHB___NA18561	EAS___CHB
EAS___CHB___NA18562	EAS___CHB
EAS___CHB___NA18563	EAS___CHB
EAS___CHB___NA18564	EAS___CHB
EAS___CHB___NA18565	EAS___CHB
EAS___CHB___NA18566	EAS___CHB
EAS___CHB___NA18567	EAS___CHB
EAS___CHB___NA18570	EAS___CHB
EAS___CHB___NA18571	EAS___CHB
EAS___CHB___NA18572	EAS___CHB
EAS___CHB___NA18573	EAS___CHB
EAS___CHB___NA18574	EAS___CHB
EAS___CHB___NA18576	EAS___CHB
EAS___CHB___NA18577	EAS___CHB
EAS___CHB___NA18579	EAS___CHB
EAS___CHB___NA18582	EAS___CHB
EAS___CHB___NA18591	EAS___CHB
EAS___CHB___NA18592	EAS___CHB
EAS___CHB___NA18593	EAS___CHB
EAS___CHB___NA18595	EAS___CHB
EAS___CHB___NA18596	EAS___CHB
EAS___CHB___NA18597	EAS___CHB
EAS___CHB___NA18599	EAS___CHB
EAS___CHB___NA18602	EAS___CHB
EAS___CHB___NA18603	EAS___CHB
EAS___CHB___NA18605	EAS___CHB
EAS___CHB___NA18606	EAS___CHB
EAS___CHB___NA18608	EAS___CHB
EAS___CHB___NA18609	EAS___CHB
EAS___CHB___NA18610	EAS___CHB
EAS___CHB___NA18611	EAS___CHB
EAS___CHB___NA18612	EAS___CHB
EAS___CHB___NA18613	EAS___CHB
EAS___CHB___NA18614	EAS___CHB
EAS___CHB___NA18615	EAS___CHB
EAS___CHB___NA18616	EAS___CHB
EAS___CHB___NA18617	EAS___CHB
EAS___CHB___NA18618	EAS___CHB
EAS___CHB___NA18619	EAS___CHB
EAS___CHB___NA18620	EAS___CHB
EAS___CHB___NA18621	EAS___CHB
EAS___CHB___NA18622	EAS___CHB
EAS___CHB___NA18623	EAS___CHB
EAS___CHB___NA18624	EAS___CHB
EAS___CHB___NA18625	EAS___CHB
EAS___CHB___NA18626	EAS___CHB
EAS___CHB___NA18627	EAS___CHB
EAS___CHB___NA18628	EAS___CHB
EAS___CHB___NA18629	EAS___CHB
EAS___CHB___NA18630	EAS___CHB
EAS___CHB___NA18631	EAS___CHB
EAS___CHB___NA18632	EAS___CHB
EAS___CHB___NA18633	EAS___CHB
EAS___CHB___NA18634	EAS___CHB
EAS___CHB___NA18635	EAS___CHB
EAS___CHB___NA18636	EAS___CHB
EAS___CHB___NA18637	EAS___CHB
EAS___CHB___NA18638	EAS___CHB
EAS___CHB___NA18639	EAS___CHB
EAS___CHB___NA18640	EAS___CHB
EAS___CHB___NA18641	EAS___CHB
EAS___CHB___NA18642	EAS___CHB
EAS___CHB___NA18643	EAS___CHB
EAS___CHB___NA18644	EAS___CHB
EAS___CHB___NA18645	EAS___CHB
EAS___CHB___NA18646	EAS___CHB
EAS___CHB___NA18647	EAS___CHB
EAS___CHB___NA18648	EAS___CHB
EAS___CHB___NA18740	EAS___CHB
EAS___CHB___NA18745	EAS___CHB
EAS___CHB___NA18747	EAS___CHB
EAS___CHB___NA18748	EAS___CHB
EAS___CHB___NA18749	EAS___CHB
EAS___CHB___NA18757	EAS___CHB
EAS___CHB___NA18791	EAS___CHB
EAS___CHS___HG00403	EAS___CHS
EAS___CHS___HG00404	EAS___CHS
EAS___CHS___HG00406	EAS___CHS
EAS___CHS___HG00407	EAS___CHS
EAS___CHS___HG00409	EAS___CHS
EAS___CHS___HG00410	EAS___CHS
EAS___CHS___HG00419	EAS___CHS
EAS___CHS___HG00421	EAS___CHS
EAS___CHS___HG00422	EAS___CHS
EAS___CHS___HG00428	EAS___CHS
EAS___CHS___HG00436	EAS___CHS
EAS___CHS___HG00437	EAS___CHS
EAS___CHS___HG00442	EAS___CHS
EAS___CHS___HG00443	EAS___CHS
EAS___CHS___HG00445	EAS___CHS
EAS___CHS___HG00446	EAS___CHS
EAS___CHS___HG00448	EAS___CHS
EAS___CHS___HG00449	EAS___CHS
EAS___CHS___HG00451	EAS___CHS
EAS___CHS___HG00452	EAS___CHS
EAS___CHS___HG00457	EAS___CHS
EAS___CHS___HG00458	EAS___CHS
EAS___CHS___HG00463	EAS___CHS
EAS___CHS___HG00464	EAS___CHS
EAS___CHS___HG00472	EAS___CHS
EAS___CHS___HG00473	EAS___CHS
EAS___CHS___HG00475	EAS___CHS
EAS___CHS___HG00476	EAS___CHS
EAS___CHS___HG00478	EAS___CHS
EAS___CHS___HG00479	EAS___CHS
EAS___CHS___HG00500	EAS___CHS
EAS___CHS___HG00513	EAS___CHS
EAS___CHS___HG00524	EAS___CHS
EAS___CHS___HG00525	EAS___CHS
EAS___CHS___HG00530	EAS___CHS
EAS___CHS___HG00531	EAS___CHS
EAS___CHS___HG00533	EAS___CHS
EAS___CHS___HG00534	EAS___CHS
EAS___CHS___HG00536	EAS___CHS
EAS___CHS___HG00537	EAS___CHS
EAS___CHS___HG00542	EAS___CHS
EAS___CHS___HG00543	EAS___CHS
EAS___CHS___HG00556	EAS___CHS
EAS___CHS___HG00557	EAS___CHS
EAS___CHS___HG00559	EAS___CHS
EAS___CHS___HG00560	EAS___CHS
EAS___CHS___HG00565	EAS___CHS
EAS___CHS___HG00566	EAS___CHS
EAS___CHS___HG00580	EAS___CHS
EAS___CHS___HG00581	EAS___CHS
EAS___CHS___HG00583	EAS___CHS
EAS___CHS___HG00584	EAS___CHS
EAS___CHS___HG00589	EAS___CHS
EAS___CHS___HG00590	EAS___CHS
EAS___CHS___HG00592	EAS___CHS
EAS___CHS___HG00593	EAS___CHS
EAS___CHS___HG00595	EAS___CHS
EAS___CHS___HG00596	EAS___CHS
EAS___CHS___HG00598	EAS___CHS
EAS___CHS___HG00599	EAS___CHS
EAS___CHS___HG00607	EAS___CHS
EAS___CHS___HG00608	EAS___CHS
EAS___CHS___HG00610	EAS___CHS
EAS___CHS___HG00611	EAS___CHS
EAS___CHS___HG00613	EAS___CHS
EAS___CHS___HG00614	EAS___CHS
EAS___CHS___HG00619	EAS___CHS
EAS___CHS___HG00620	EAS___CHS
EAS___CHS___HG00622	EAS___CHS
EAS___CHS___HG00623	EAS___CHS
EAS___CHS___HG00625	EAS___CHS
EAS___CHS___HG00626	EAS___CHS
EAS___CHS___HG00628	EAS___CHS
EAS___CHS___HG00629	EAS___CHS
EAS___CHS___HG00631	EAS___CHS
EAS___CHS___HG00632	EAS___CHS
EAS___CHS___HG00634	EAS___CHS
EAS___CHS___HG00650	EAS___CHS
EAS___CHS___HG00651	EAS___CHS
EAS___CHS___HG00653	EAS___CHS
EAS___CHS___HG00654	EAS___CHS
EAS___CHS___HG00656	EAS___CHS
EAS___CHS___HG00657	EAS___CHS
EAS___CHS___HG00662	EAS___CHS
EAS___CHS___HG00663	EAS___CHS
EAS___CHS___HG00671	EAS___CHS
EAS___CHS___HG00672	EAS___CHS
EAS___CHS___HG00674	EAS___CHS
EAS___CHS___HG00675	EAS___CHS
EAS___CHS___HG00683	EAS___CHS
EAS___CHS___HG00684	EAS___CHS
EAS___CHS___HG00689	EAS___CHS
EAS___CHS___HG00690	EAS___CHS
EAS___CHS___HG00692	EAS___CHS
EAS___CHS___HG00693	EAS___CHS
EAS___CHS___HG00698	EAS___CHS
EAS___CHS___HG00699	EAS___CHS
EAS___CHS___HG00701	EAS___CHS
EAS___CHS___HG00704	EAS___CHS
EAS___CHS___HG00705	EAS___CHS
EAS___CHS___HG00707	EAS___CHS
EAS___CHS___HG00708	EAS___CHS
EAS___CHS___HG00717	EAS___CHS
EAS___CHS___HG00728	EAS___CHS
EAS___CHS___HG00729	EAS___CHS
EAS___JPT___NA18939	EAS___JPT
EAS___JPT___NA18940	EAS___JPT
EAS___JPT___NA18941	EAS___JPT
EAS___JPT___NA18942	EAS___JPT
EAS___JPT___NA18943	EAS___JPT
EAS___JPT___NA18944	EAS___JPT
EAS___JPT___NA18945	EAS___JPT
EAS___JPT___NA18946	EAS___JPT
EAS___JPT___NA18947	EAS___JPT
EAS___JPT___NA18948	EAS___JPT
EAS___JPT___NA18949	EAS___JPT
EAS___JPT___NA18950	EAS___JPT
EAS___JPT___NA18951	EAS___JPT
EAS___JPT___NA18952	EAS___JPT
EAS___JPT___NA18953	EAS___JPT
EAS___JPT___NA18954	EAS___JPT
EAS___JPT___NA18955	EAS___JPT
EAS___JPT___NA18956	EAS___JPT
EAS___JPT___NA18957	EAS___JPT
EAS___JPT___NA18959	EAS___JPT
EAS___JPT___NA18960	EAS___JPT
EAS___JPT___NA18961	EAS___JPT
EAS___JPT___NA18962	EAS___JPT
EAS___JPT___NA18963	EAS___JPT
EAS___JPT___NA18964	EAS___JPT
EAS___JPT___NA18965	EAS___JPT
EAS___JPT___NA18966	EAS___JPT
EAS___JPT___NA18967	EAS___JPT
EAS___JPT___NA18968	EAS___JPT
EAS___JPT___NA18969	EAS___JPT
EAS___JPT___NA18970	EAS___JPT
EAS___JPT___NA18971	EAS___JPT
EAS___JPT___NA18972	EAS___JPT
EAS___JPT___NA18973	EAS___JPT
EAS___JPT___NA18974	EAS___JPT
EAS___JPT___NA18975	EAS___JPT
EAS___JPT___NA18976	EAS___JPT
EAS___JPT___NA18977	EAS___JPT
EAS___JPT___NA18978	EAS___JPT
EAS___JPT___NA18979	EAS___JPT
EAS___JPT___NA18980	EAS___JPT
EAS___JPT___NA18981	EAS___JPT
EAS___JPT___NA18982	EAS___JPT
EAS___JPT___NA18983	EAS___JPT
EAS___JPT___NA18984	EAS___JPT
EAS___JPT___NA18985	EAS___JPT
EAS___JPT___NA18986	EAS___JPT
EAS___JPT___NA18987	EAS___JPT
EAS___JPT___NA18988	EAS___JPT
EAS___JPT___NA18989	EAS___JPT
EAS___JPT___NA18990	EAS___JPT
EAS___JPT___NA18991	EAS___JPT
EAS___JPT___NA18992	EAS___JPT
EAS___JPT___NA18993	EAS___JPT
EAS___JPT___NA18994	EAS___JPT
EAS___JPT___NA18995	EAS___JPT
EAS___JPT___NA18997	EAS___JPT
EAS___JPT___NA18998	EAS___JPT
EAS___JPT___NA18999	EAS___JPT
EAS___JPT___NA19000	EAS___JPT
EAS___JPT___NA19001	EAS___JPT
EAS___JPT___NA19002	EAS___JPT
EAS___JPT___NA19003	EAS___JPT
EAS___JPT___NA19004	EAS___JPT
EAS___JPT___NA19005	EAS___JPT
EAS___JPT___NA19006	EAS___JPT
EAS___JPT___NA19007	EAS___JPT
EAS___JPT___NA19009	EAS___JPT
EAS___JPT___NA19010	EAS___JPT
EAS___JPT___NA19011	EAS___JPT
EAS___JPT___NA19012	EAS___JPT
EAS___JPT___NA19054	EAS___JPT
EAS___JPT___NA19055	EAS___JPT
EAS___JPT___NA19056	EAS___JPT
EAS___JPT___NA19057	EAS___JPT
EAS___JPT___NA19058	EAS___JPT
EAS___JPT___NA19059	EAS___JPT
EAS___JPT___NA19060	EAS___JPT
EAS___JPT___NA19062	EAS___JPT
EAS___JPT___NA19063	EAS___JPT
EAS___JPT___NA19064	EAS___JPT
EAS___JPT___NA19065	EAS___JPT
EAS___JPT___NA19066	EAS___JPT
EAS___JPT___NA19067	EAS___JPT
EAS___JPT___NA19068	EAS___JPT
EAS___JPT___NA19070	EAS___JPT
EAS___JPT___NA19072	EAS___JPT
EAS___JPT___NA19074	EAS___JPT
EAS___JPT___NA19075	EAS___JPT
EAS___JPT___NA19076	EAS___JPT
EAS___JPT___NA19077	EAS___JPT
EAS___JPT___NA19078	EAS___JPT
EAS___JPT___NA19079	EAS___JPT
EAS___JPT___NA19080	EAS___JPT
EAS___JPT___NA19081	EAS___JPT
EAS___JPT___NA19082	EAS___JPT
EAS___JPT___NA19083	EAS___JPT
EAS___JPT___NA19084	EAS___JPT
EAS___JPT___NA19085	EAS___JPT
EAS___JPT___NA19086	EAS___JPT
EAS___JPT___NA19087	EAS___JPT
EAS___JPT___NA19088	EAS___JPT
EAS___JPT___NA19089	EAS___JPT
EAS___JPT___NA19090	EAS___JPT
EAS___JPT___NA19091	EAS___JPT
EAS___KHV___HG01595	EAS___KHV
EAS___KHV___HG01596	EAS___KHV
EAS___KHV___HG01597	EAS___KHV
EAS___KHV___HG01598	EAS___KHV
EAS___KHV___HG01599	EAS___KHV
EAS___KHV___HG01600	EAS___KHV
EAS___KHV___HG01840	EAS___KHV
EAS___KHV___HG01841	EAS___KHV
EAS___KHV___HG01842	EAS___KHV
EAS___KHV___HG01843	EAS___KHV
EAS___KHV___HG01844	EAS___KHV
EAS___KHV___HG01845	EAS___KHV
EAS___KHV___HG01846	EAS___KHV
EAS___KHV___HG01847	EAS___KHV
EAS___KHV___HG01848	EAS___KHV
EAS___KHV___HG01849	EAS___KHV
EAS___KHV___HG01850	EAS___KHV
EAS___KHV___HG01851	EAS___KHV
EAS___KHV___HG01852	EAS___KHV
EAS___KHV___HG01853	EAS___KHV
EAS___KHV___HG01855	EAS___KHV
EAS___KHV___HG01857	EAS___KHV
EAS___KHV___HG01858	EAS___KHV
EAS___KHV___HG01859	EAS___KHV
EAS___KHV___HG01860	EAS___KHV
EAS___KHV___HG01861	EAS___KHV
EAS___KHV___HG01862	EAS___KHV
EAS___KHV___HG01863	EAS___KHV
EAS___KHV___HG01864	EAS___KHV
EAS___KHV___HG01865	EAS___KHV
EAS___KHV___HG01866	EAS___KHV
EAS___KHV___HG01867	EAS___KHV
EAS___KHV___HG01868	EAS___KHV
EAS___KHV___HG01869	EAS___KHV
EAS___KHV___HG01870	EAS___KHV
EAS___KHV___HG01871	EAS___KHV
EAS___KHV___HG01872	EAS___KHV
EAS___KHV___HG01873	EAS___KHV
EAS___KHV___HG01874	EAS___KHV
EAS___KHV___HG01878	EAS___KHV
EAS___KHV___HG02016	EAS___KHV
EAS___KHV___HG02017	EAS___KHV
EAS___KHV___HG02019	EAS___KHV
EAS___KHV___HG02020	EAS___KHV
EAS___KHV___HG02023	EAS___KHV
EAS___KHV___HG02025	EAS___KHV
EAS___KHV___HG02026	EAS___KHV
EAS___KHV___HG02028	EAS___KHV
EAS___KHV___HG02029	EAS___KHV
EAS___KHV___HG02031	EAS___KHV
EAS___KHV___HG02032	EAS___KHV
EAS___KHV___HG02035	EAS___KHV
EAS___KHV___HG02040	EAS___KHV
EAS___KHV___HG02047	EAS___KHV
EAS___KHV___HG02048	EAS___KHV
EAS___KHV___HG02049	EAS___KHV
EAS___KHV___HG02050	EAS___KHV
EAS___KHV___HG02057	EAS___KHV
EAS___KHV___HG02058	EAS___KHV
EAS___KHV___HG02060	EAS___KHV
EAS___KHV___HG02061	EAS___KHV
EAS___KHV___HG02064	EAS___KHV
EAS___KHV___HG02067	EAS___KHV
EAS___KHV___HG02069	EAS___KHV
EAS___KHV___HG02070	EAS___KHV
EAS___KHV___HG02072	EAS___KHV
EAS___KHV___HG02073	EAS___KHV
EAS___KHV___HG02075	EAS___KHV
EAS___KHV___HG02076	EAS___KHV
EAS___KHV___HG02078	EAS___KHV
EAS___KHV___HG02079	EAS___KHV
EAS___KHV___HG02081	EAS___KHV
EAS___KHV___HG02082	EAS___KHV
EAS___KHV___HG02084	EAS___KHV
EAS___KHV___HG02085	EAS___KHV
EAS___KHV___HG02086	EAS___KHV
EAS___KHV___HG02087	EAS___KHV
EAS___KHV___HG02088	EAS___KHV
EAS___KHV___HG02113	EAS___KHV
EAS___KHV___HG02116	EAS___KHV
EAS___KHV___HG02121	EAS___KHV
EAS___KHV___HG02122	EAS___KHV
EAS___KHV___HG02127	EAS___KHV
EAS___KHV___HG02128	EAS___KHV
EAS___KHV___HG02130	EAS___KHV
EAS___KHV___HG02131	EAS___KHV
EAS___KHV___HG02133	EAS___KHV
EAS___KHV___HG02134	EAS___KHV
EAS___KHV___HG02136	EAS___KHV
EAS___KHV___HG02137	EAS___KHV
EAS___KHV___HG02138	EAS___KHV
EAS___KHV___HG02139	EAS___KHV
EAS___KHV___HG02140	EAS___KHV
EAS___KHV___HG02141	EAS___KHV
EAS___KHV___HG02142	EAS___KHV
EAS___KHV___HG02512	EAS___KHV
EAS___KHV___HG02513	EAS___KHV
EAS___KHV___HG02521	EAS___KHV
EAS___KHV___HG02522	EAS___KHV
EUR___CEU___NA06984	EUR___CEU
EUR___CEU___NA06985	EUR___CEU
EUR___CEU___NA06986	EUR___CEU
EUR___CEU___NA06989	EUR___CEU
EUR___CEU___NA06994	EUR___CEU
EUR___CEU___NA07000	EUR___CEU
EUR___CEU___NA07037	EUR___CEU
EUR___CEU___NA07048	EUR___CEU
EUR___CEU___NA07051	EUR___CEU
EUR___CEU___NA07056	EUR___CEU
EUR___CEU___NA07347	EUR___CEU
EUR___CEU___NA07357	EUR___CEU
EUR___CEU___NA10847	EUR___CEU
EUR___CEU___NA10851	EUR___CEU
EUR___CEU___NA11829	EUR___CEU
EUR___CEU___NA11830	EUR___CEU
EUR___CEU___NA11831	EUR___CEU
EUR___CEU___NA11832	EUR___CEU
EUR___CEU___NA11840	EUR___CEU
EUR___CEU___NA11843	EUR___CEU
EUR___CEU___NA11881	EUR___CEU
EUR___CEU___NA11892	EUR___CEU
EUR___CEU___NA11893	EUR___CEU
EUR___CEU___NA11894	EUR___CEU
EUR___CEU___NA11918	EUR___CEU
EUR___CEU___NA11919	EUR___CEU
EUR___CEU___NA11920	EUR___CEU
EUR___CEU___NA11930	EUR___CEU
EUR___CEU___NA11931	EUR___CEU
EUR___CEU___NA11932	EUR___CEU
EUR___CEU___NA11933	EUR___CEU
EUR___CEU___NA11992	EUR___CEU
EUR___CEU___NA11994	EUR___CEU
EUR___CEU___NA11995	EUR___CEU
EUR___CEU___NA12003	EUR___CEU
EUR___CEU___NA12004	EUR___CEU
EUR___CEU___NA12005	EUR___CEU
EUR___CEU___NA12006	EUR___CEU
EUR___CEU___NA12043	EUR___CEU
EUR___CEU___NA12044	EUR___CEU
EUR___CEU___NA12045	EUR___CEU
EUR___CEU___NA12046	EUR___CEU
EUR___CEU___NA12058	EUR___CEU
EUR___CEU___NA12144	EUR___CEU
EUR___CEU___NA12154	EUR___CEU
EUR___CEU___NA12155	EUR___CEU
EUR___CEU___NA12156	EUR___CEU
EUR___CEU___NA12234	EUR___CEU
EUR___CEU___NA12249	EUR___CEU
EUR___CEU___NA12272	EUR___CEU
EUR___CEU___NA12273	EUR___CEU
EUR___CEU___NA12275	EUR___CEU
EUR___CEU___NA12282	EUR___CEU
EUR___CEU___NA12283	EUR___CEU
EUR___CEU___NA12286	EUR___CEU
EUR___CEU___NA12287	EUR___CEU
EUR___CEU___NA12340	EUR___CEU
EUR___CEU___NA12341	EUR___CEU
EUR___CEU___NA12342	EUR___CEU
EUR___CEU___NA12347	EUR___CEU
EUR___CEU___NA12348	EUR___CEU
EUR___CEU___NA12383	EUR___CEU
EUR___CEU___NA12399	EUR___CEU
EUR___CEU___NA12400	EUR___CEU
EUR___CEU___NA12413	EUR___CEU
EUR___CEU___NA12414	EUR___CEU
EUR___CEU___NA12489	EUR___CEU
EUR___CEU___NA12546	EUR___CEU
EUR___CEU___NA12716	EUR___CEU
EUR___CEU___NA12717	EUR___CEU
EUR___CEU___NA12718	EUR___CEU
EUR___CEU___NA12748	EUR___CEU
EUR___CEU___NA12749	EUR___CEU
EUR___CEU___NA12750	EUR___CEU
EUR___CEU___NA12751	EUR___CEU
EUR___CEU___NA12760	EUR___CEU
EUR___CEU___NA12761	EUR___CEU
EUR___CEU___NA12762	EUR___CEU
EUR___CEU___NA12763	EUR___CEU
EUR___CEU___NA12775	EUR___CEU
EUR___CEU___NA12776	EUR___CEU
EUR___CEU___NA12777	EUR___CEU
EUR___CEU___NA12778	EUR___CEU
EUR___CEU___NA12812	EUR___CEU
EUR___CEU___NA12813	EUR___CEU
EUR___CEU___NA12814	EUR___CEU
EUR___CEU___NA12815	EUR___CEU
EUR___CEU___NA12827	EUR___CEU
EUR___CEU___NA12828	EUR___CEU
EUR___CEU___NA12829	EUR___CEU
EUR___CEU___NA12830	EUR___CEU
EUR___CEU___NA12842	EUR___CEU
EUR___CEU___NA12843	EUR___CEU
EUR___CEU___NA12872	EUR___CEU
EUR___CEU___NA12873	EUR___CEU
EUR___CEU___NA12874	EUR___CEU
EUR___CEU___NA12878	EUR___CEU
EUR___CEU___NA12889	EUR___CEU
EUR___CEU___NA12890	EUR___CEU
EUR___FIN___HG00171	EUR___FIN
EUR___FIN___HG00173	EUR___FIN
EUR___FIN___HG00174	EUR___FIN
EUR___FIN___HG00176	EUR___FIN
EUR___FIN___HG00177	EUR___FIN
EUR___FIN___HG00178	EUR___FIN
EUR___FIN___HG00179	EUR___FIN
EUR___FIN___HG00180	EUR___FIN
EUR___FIN___HG00181	EUR___FIN
EUR___FIN___HG00182	EUR___FIN
EUR___FIN___HG00183	EUR___FIN
EUR___FIN___HG00185	EUR___FIN
EUR___FIN___HG00186	EUR___FIN
EUR___FIN___HG00187	EUR___FIN
EUR___FIN___HG00188	EUR___FIN
EUR___FIN___HG00189	EUR___FIN
EUR___FIN___HG00190	EUR___FIN
EUR___FIN___HG00266	EUR___FIN
EUR___FIN___HG00267	EUR___FIN
EUR___FIN___HG00268	EUR___FIN
EUR___FIN___HG00269	EUR___FIN
EUR___FIN___HG00270	EUR___FIN
EUR___FIN___HG00271	EUR___FIN
EUR___FIN___HG00272	EUR___FIN
EUR___FIN___HG00273	EUR___FIN
EUR___FIN___HG00274	EUR___FIN
EUR___FIN___HG00275	EUR___FIN
EUR___FIN___HG00276	EUR___FIN
EUR___FIN___HG00277	EUR___FIN
EUR___FIN___HG00278	EUR___FIN
EUR___FIN___HG00280	EUR___FIN
EUR___FIN___HG00281	EUR___FIN
EUR___FIN___HG00282	EUR___FIN
EUR___FIN___HG00284	EUR___FIN
EUR___FIN___HG00285	EUR___FIN
EUR___FIN___HG00288	EUR___FIN
EUR___FIN___HG00290	EUR___FIN
EUR___FIN___HG00302	EUR___FIN
EUR___FIN___HG00303	EUR___FIN
EUR___FIN___HG00304	EUR___FIN
EUR___FIN___HG00306	EUR___FIN
EUR___FIN___HG00308	EUR___FIN
EUR___FIN___HG00309	EUR___FIN
EUR___FIN___HG00310	EUR___FIN
EUR___FIN___HG00311	EUR___FIN
EUR___FIN___HG00312	EUR___FIN
EUR___FIN___HG00313	EUR___FIN
EUR___FIN___HG00315	EUR___FIN
EUR___FIN___HG00318	EUR___FIN
EUR___FIN___HG00319	EUR___FIN
EUR___FIN___HG00320	EUR___FIN
EUR___FIN___HG00321	EUR___FIN
EUR___FIN___HG00323	EUR___FIN
EUR___FIN___HG00324	EUR___FIN
EUR___FIN___HG00325	EUR___FIN
EUR___FIN___HG00326	EUR___FIN
EUR___FIN___HG00327	EUR___FIN
EUR___FIN___HG00328	EUR___FIN
EUR___FIN___HG00329	EUR___FIN
EUR___FIN___HG00330	EUR___FIN
EUR___FIN___HG00331	EUR___FIN
EUR___FIN___HG00332	EUR___FIN
EUR___FIN___HG00334	EUR___FIN
EUR___FIN___HG00335	EUR___FIN
EUR___FIN___HG00336	EUR___FIN
EUR___FIN___HG00337	EUR___FIN
EUR___FIN___HG00338	EUR___FIN
EUR___FIN___HG00339	EUR___FIN
EUR___FIN___HG00341	EUR___FIN
EUR___FIN___HG00342	EUR___FIN
EUR___FIN___HG00343	EUR___FIN
EUR___FIN___HG00344	EUR___FIN
EUR___FIN___HG00345	EUR___FIN
EUR___FIN___HG00346	EUR___FIN
EUR___FIN___HG00349	EUR___FIN
EUR___FIN___HG00350	EUR___FIN
EUR___FIN___HG00351	EUR___FIN
EUR___FIN___HG00353	EUR___FIN
EUR___FIN___HG00355	EUR___FIN
EUR___FIN___HG00356	EUR___FIN
EUR___FIN___HG00357	EUR___FIN
EUR___FIN___HG00358	EUR___FIN
EUR___FIN___HG00359	EUR___FIN
EUR___FIN___HG00360	EUR___FIN
EUR___FIN___HG00361	EUR___FIN
EUR___FIN___HG00362	EUR___FIN
EUR___FIN___HG00364	EUR___FIN
EUR___FIN___HG00365	EUR___FIN
EUR___FIN___HG00366	EUR___FIN
EUR___FIN___HG00367	EUR___FIN
EUR___FIN___HG00368	EUR___FIN
EUR___FIN___HG00369	EUR___FIN
EUR___FIN___HG00371	EUR___FIN
EUR___FIN___HG00372	EUR___FIN
EUR___FIN___HG00373	EUR___FIN
EUR___FIN___HG00375	EUR___FIN
EUR___FIN___HG00376	EUR___FIN
EUR___FIN___HG00377	EUR___FIN
EUR___FIN___HG00378	EUR___FIN
EUR___FIN___HG00379	EUR___FIN
EUR___FIN___HG00380	EUR___FIN
EUR___FIN___HG00381	EUR___FIN
EUR___FIN___HG00382	EUR___FIN
EUR___FIN___HG00383	EUR___FIN
EUR___FIN___HG00384	EUR___FIN
EUR___GBR___HG00096	EUR___GBR
EUR___GBR___HG00097	EUR___GBR
EUR___GBR___HG00099	EUR___GBR
EUR___GBR___HG00100	EUR___GBR
EUR___GBR___HG00101	EUR___GBR
EUR___GBR___HG00102	EUR___GBR
EUR___GBR___HG00103	EUR___GBR
EUR___GBR___HG00104	EUR___GBR
EUR___GBR___HG00105	EUR___GBR
EUR___GBR___HG00106	EUR___GBR
EUR___GBR___HG00107	EUR___GBR
EUR___GBR___HG00108	EUR___GBR
EUR___GBR___HG00109	EUR___GBR
EUR___GBR___HG00110	EUR___GBR
EUR___GBR___HG00111	EUR___GBR
EUR___GBR___HG00112	EUR___GBR
EUR___GBR___HG00113	EUR___GBR
EUR___GBR___HG00114	EUR___GBR
EUR___GBR___HG00115	EUR___GBR
EUR___GBR___HG00116	EUR___GBR
EUR___GBR___HG00117	EUR___GBR
EUR___GBR___HG00118	EUR___GBR
EUR___GBR___HG00119	EUR___GBR
EUR___GBR___HG00120	EUR___GBR
EUR___GBR___HG00121	EUR___GBR
EUR___GBR___HG00122	EUR___GBR
EUR___GBR___HG00123	EUR___GBR
EUR___GBR___HG00125	EUR___GBR
EUR___GBR___HG00126	EUR___GBR
EUR___GBR___HG00127	EUR___GBR
EUR___GBR___HG00128	EUR___GBR
EUR___GBR___HG00129	EUR___GBR
EUR___GBR___HG00130	EUR___GBR
EUR___GBR___HG00131	EUR___GBR
EUR___GBR___HG00132	EUR___GBR
EUR___GBR___HG00133	EUR___GBR
EUR___GBR___HG00134	EUR___GBR
EUR___GBR___HG00135	EUR___GBR
EUR___GBR___HG00136	EUR___GBR
EUR___GBR___HG00137	EUR___GBR
EUR___GBR___HG00138	EUR___GBR
EUR___GBR___HG00139	EUR___GBR
EUR___GBR___HG00140	EUR___GBR
EUR___GBR___HG00141	EUR___GBR
EUR___GBR___HG00142	EUR___GBR
EUR___GBR___HG00143	EUR___GBR
EUR___GBR___HG00145	EUR___GBR
EUR___GBR___HG00146	EUR___GBR
EUR___GBR___HG00148	EUR___GBR
EUR___GBR___HG00149	EUR___GBR
EUR___GBR___HG00150	EUR___GBR
EUR___GBR___HG00151	EUR___GBR
EUR___GBR___HG00152	EUR___GBR
EUR___GBR___HG00154	EUR___GBR
EUR___GBR___HG00155	EUR___GBR
EUR___GBR___HG00156	EUR___GBR
EUR___GBR___HG00157	EUR___GBR
EUR___GBR___HG00158	EUR___GBR
EUR___GBR___HG00159	EUR___GBR
EUR___GBR___HG00160	EUR___GBR
EUR___GBR___HG00231	EUR___GBR
EUR___GBR___HG00232	EUR___GBR
EUR___GBR___HG00233	EUR___GBR
EUR___GBR___HG00234	EUR___GBR
EUR___GBR___HG00235	EUR___GBR
EUR___GBR___HG00236	EUR___GBR
EUR___GBR___HG00237	EUR___GBR
EUR___GBR___HG00238	EUR___GBR
EUR___GBR___HG00239	EUR___GBR
EUR___GBR___HG00240	EUR___GBR
EUR___GBR___HG00242	EUR___GBR
EUR___GBR___HG00243	EUR___GBR
EUR___GBR___HG00244	EUR___GBR
EUR___GBR___HG00245	EUR___GBR
EUR___GBR___HG00246	EUR___GBR
EUR___GBR___HG00249	EUR___GBR
EUR___GBR___HG00250	EUR___GBR
EUR___GBR___HG00251	EUR___GBR
EUR___GBR___HG00252	EUR___GBR
EUR___GBR___HG00253	EUR___GBR
EUR___GBR___HG00254	EUR___GBR
EUR___GBR___HG00255	EUR___GBR
EUR___GBR___HG00256	EUR___GBR
EUR___GBR___HG00257	EUR___GBR
EUR___GBR___HG00258	EUR___GBR
EUR___GBR___HG00259	EUR___GBR
EUR___GBR___HG00260	EUR___GBR
EUR___GBR___HG00261	EUR___GBR
EUR___GBR___HG00262	EUR___GBR
EUR___GBR___HG00263	EUR___GBR
EUR___GBR___HG00264	EUR___GBR
EUR___GBR___HG00265	EUR___GBR
EUR___GBR___HG01334	EUR___GBR
EUR___GBR___HG01789	EUR___GBR
EUR___GBR___HG01790	EUR___GBR
EUR___GBR___HG01791	EUR___GBR
EUR___GBR___HG02215	EUR___GBR
EUR___GBR___HG04301	EUR___GBR
EUR___GBR___HG04302	EUR___GBR
EUR___GBR___HG04303	EUR___GBR
EUR___IBS___HG01500	EUR___IBS
EUR___IBS___HG01501	EUR___IBS
EUR___IBS___HG01503	EUR___IBS
EUR___IBS___HG01504	EUR___IBS
EUR___IBS___HG01506	EUR___IBS
EUR___IBS___HG01507	EUR___IBS
EUR___IBS___HG01509	EUR___IBS
EUR___IBS___HG01510	EUR___IBS
EUR___IBS___HG01512	EUR___IBS
EUR___IBS___HG01513	EUR___IBS
EUR___IBS___HG01515	EUR___IBS
EUR___IBS___HG01516	EUR___IBS
EUR___IBS___HG01518	EUR___IBS
EUR___IBS___HG01519	EUR___IBS
EUR___IBS___HG01521	EUR___IBS
EUR___IBS___HG01522	EUR___IBS
EUR___IBS___HG01524	EUR___IBS
EUR___IBS___HG01525	EUR___IBS
EUR___IBS___HG01527	EUR___IBS
EUR___IBS___HG01528	EUR___IBS
EUR___IBS___HG01530	EUR___IBS
EUR___IBS___HG01531	EUR___IBS
EUR___IBS___HG01536	EUR___IBS
EUR___IBS___HG01537	EUR___IBS
EUR___IBS___HG01602	EUR___IBS
EUR___IBS___HG01603	EUR___IBS
EUR___IBS___HG01605	EUR___IBS
EUR___IBS___HG01606	EUR___IBS
EUR___IBS___HG01607	EUR___IBS
EUR___IBS___HG01608	EUR___IBS
EUR___IBS___HG01610	EUR___IBS
EUR___IBS___HG01612	EUR___IBS
EUR___IBS___HG01613	EUR___IBS
EUR___IBS___HG01615	EUR___IBS
EUR___IBS___HG01617	EUR___IBS
EUR___IBS___HG01618	EUR___IBS
EUR___IBS___HG01619	EUR___IBS
EUR___IBS___HG01620	EUR___IBS
EUR___IBS___HG01623	EUR___IBS
EUR___IBS___HG01624	EUR___IBS
EUR___IBS___HG01625	EUR___IBS
EUR___IBS___HG01626	EUR___IBS
EUR___IBS___HG01628	EUR___IBS
EUR___IBS___HG01630	EUR___IBS
EUR___IBS___HG01631	EUR___IBS
EUR___IBS___HG01632	EUR___IBS
EUR___IBS___HG01668	EUR___IBS
EUR___IBS___HG01669	EUR___IBS
EUR___IBS___HG01670	EUR___IBS
EUR___IBS___HG01672	EUR___IBS
EUR___IBS___HG01673	EUR___IBS
EUR___IBS___HG01675	EUR___IBS
EUR___IBS___HG01676	EUR___IBS
EUR___IBS___HG01678	EUR___IBS
EUR___IBS___HG01679	EUR___IBS
EUR___IBS___HG01680	EUR___IBS
EUR___IBS___HG01682	EUR___IBS
EUR___IBS___HG01684	EUR___IBS
EUR___IBS___HG01685	EUR___IBS
EUR___IBS___HG01686	EUR___IBS
EUR___IBS___HG01694	EUR___IBS
EUR___IBS___HG01695	EUR___IBS
EUR___IBS___HG01697	EUR___IBS
EUR___IBS___HG01699	EUR___IBS
EUR___IBS___HG01700	EUR___IBS
EUR___IBS___HG01702	EUR___IBS
EUR___IBS___HG01704	EUR___IBS
EUR___IBS___HG01705	EUR___IBS
EUR___IBS___HG01707	EUR___IBS
EUR___IBS___HG01708	EUR___IBS
EUR___IBS___HG01709	EUR___IBS
EUR___IBS___HG01710	EUR___IBS
EUR___IBS___HG01746	EUR___IBS
EUR___IBS___HG01747	EUR___IBS
EUR___IBS___HG01756	EUR___IBS
EUR___IBS___HG01757	EUR___IBS
EUR___IBS___HG01761	EUR___IBS
EUR___IBS___HG01762	EUR___IBS
EUR___IBS___HG01765	EUR___IBS
EUR___IBS___HG01766	EUR___IBS
EUR___IBS___HG01767	EUR___IBS
EUR___IBS___HG01768	EUR___IBS
EUR___IBS___HG01770	EUR___IBS
EUR___IBS___HG01771	EUR___IBS
EUR___IBS___HG01773	EUR___IBS
EUR___IBS___HG01775	EUR___IBS
EUR___IBS___HG01776	EUR___IBS
EUR___IBS___HG01777	EUR___IBS
EUR___IBS___HG01779	EUR___IBS
EUR___IBS___HG01781	EUR___IBS
EUR___IBS___HG01783	EUR___IBS
EUR___IBS___HG01784	EUR___IBS
EUR___IBS___HG01785	EUR___IBS
EUR___IBS___HG01786	EUR___IBS
EUR___IBS___HG02219	EUR___IBS
EUR___IBS___HG02220	EUR___IBS
EUR___IBS___HG02221	EUR___IBS
EUR___IBS___HG02223	EUR___IBS
EUR___IBS___HG02224	EUR___IBS
EUR___IBS___HG02230	EUR___IBS
EUR___IBS___HG02231	EUR___IBS
EUR___IBS___HG02232	EUR___IBS
EUR___IBS___HG02233	EUR___IBS
EUR___IBS___HG02235	EUR___IBS
EUR___IBS___HG02236	EUR___IBS
EUR___IBS___HG02238	EUR___IBS
EUR___IBS___HG02239	EUR___IBS
EUR___TSI___NA20502	EUR___TSI
EUR___TSI___NA20503	EUR___TSI
EUR___TSI___NA20504	EUR___TSI
EUR___TSI___NA20505	EUR___TSI
EUR___TSI___NA20506	EUR___TSI
EUR___TSI___NA20507	EUR___TSI
EUR___TSI___NA20508	EUR___TSI
EUR___TSI___NA20509	EUR___TSI
EUR___TSI___NA20510	EUR___TSI
EUR___TSI___NA20511	EUR___TSI
EUR___TSI___NA20512	EUR___TSI
EUR___TSI___NA20513	EUR___TSI
EUR___TSI___NA20514	EUR___TSI
EUR___TSI___NA20515	EUR___TSI
EUR___TSI___NA20516	EUR___TSI
EUR___TSI___NA20517	EUR___TSI
EUR___TSI___NA20518	EUR___TSI
EUR___TSI___NA20519	EUR___TSI
EUR___TSI___NA20520	EUR___TSI
EUR___TSI___NA20521	EUR___TSI
EUR___TSI___NA20522	EUR___TSI
EUR___TSI___NA20524	EUR___TSI
EUR___TSI___NA20525	EUR___TSI
EUR___TSI___NA20527	EUR___TSI
EUR___TSI___NA20528	EUR___TSI
EUR___TSI___NA20529	EUR___TSI
EUR___TSI___NA20530	EUR___TSI
EUR___TSI___NA20531	EUR___TSI
EUR___TSI___NA20532	EUR___TSI
EUR___TSI___NA20533	EUR___TSI
EUR___TSI___NA20534	EUR___TSI
EUR___TSI___NA20535	EUR___TSI
EUR___TSI___NA20536	EUR___TSI
EUR___TSI___NA20537	EUR___TSI
EUR___TSI___NA20538	EUR___TSI
EUR___TSI___NA20539	EUR___TSI
EUR___TSI___NA20540	EUR___TSI
EUR___TSI___NA20541	EUR___TSI
EUR___TSI___NA20542	EUR___TSI
EUR___TSI___NA20543	EUR___TSI
EUR___TSI___NA20544	EUR___TSI
EUR___TSI___NA20581	EUR___TSI
EUR___TSI___NA20582	EUR___TSI
EUR___TSI___NA20585	EUR___TSI
EUR___TSI___NA20586	EUR___TSI
EUR___TSI___NA20587	EUR___TSI
EUR___TSI___NA20588	EUR___TSI
EUR___TSI___NA20589	EUR___TSI
EUR___TSI___NA20752	EUR___TSI
EUR___TSI___NA20753	EUR___TSI
EUR___TSI___NA20754	EUR___TSI
EUR___TSI___NA20755	EUR___TSI
EUR___TSI___NA20756	EUR___TSI
EUR___TSI___NA20757	EUR___TSI
EUR___TSI___NA20758	EUR___TSI
EUR___TSI___NA20759	EUR___TSI
EUR___TSI___NA20760	EUR___TSI
EUR___TSI___NA20761	EUR___TSI
EUR___TSI___NA20762	EUR___TSI
EUR___TSI___NA20763	EUR___TSI
EUR___TSI___NA20764	EUR___TSI
EUR___TSI___NA20765	EUR___TSI
EUR___TSI___NA20766	EUR___TSI
EUR___TSI___NA20767	EUR___TSI
EUR___TSI___NA20768	EUR___TSI
EUR___TSI___NA20769	EUR___TSI
EUR___TSI___NA20770	EUR___TSI
EUR___TSI___NA20771	EUR___TSI
EUR___TSI___NA20772	EUR___TSI
EUR___TSI___NA20773	EUR___TSI
EUR___TSI___NA20774	EUR___TSI
EUR___TSI___NA20775	EUR___TSI
EUR___TSI___NA20778	EUR___TSI
EUR___TSI___NA20783	EUR___TSI
EUR___TSI___NA20785	EUR___TSI
EUR___TSI___NA20786	EUR___TSI
EUR___TSI___NA20787	EUR___TSI
EUR___TSI___NA20790	EUR___TSI
EUR___TSI___NA20792	EUR___TSI
EUR___TSI___NA20795	EUR___TSI
EUR___TSI___NA20796	EUR___TSI
EUR___TSI___NA20797	EUR___TSI
EUR___TSI___NA20798	EUR___TSI
EUR___TSI___NA20799	EUR___TSI
EUR___TSI___NA20800	EUR___TSI
EUR___TSI___NA20801	EUR___TSI
EUR___TSI___NA20802	EUR___TSI
EUR___TSI___NA20803	EUR___TSI
EUR___TSI___NA20804	EUR___TSI
EUR___TSI___NA20805	EUR___TSI
EUR___TSI___NA20806	EUR___TSI
EUR___TSI___NA20807	EUR___TSI
EUR___TSI___NA20808	EUR___TSI
EUR___TSI___NA20809	EUR___TSI
EUR___TSI___NA20810	EUR___TSI
EUR___TSI___NA20811	EUR___TSI
EUR___TSI___NA20812	EUR___TSI
EUR___TSI___NA20813	EUR___TSI
EUR___TSI___NA20814	EUR___TSI
EUR___TSI___NA20815	EUR___TSI
EUR___TSI___NA20816	EUR___TSI
EUR___TSI___NA20818	EUR___TSI
EUR___TSI___NA20819	EUR___TSI
EUR___TSI___NA20821	EUR___TSI
EUR___TSI___NA20822	EUR___TSI
EUR___TSI___NA20826	EUR___TSI
EUR___TSI___NA20827	EUR___TSI
EUR___TSI___NA20828	EUR___TSI
EUR___TSI___NA20829	EUR___TSI
EUR___TSI___NA20831	EUR___TSI
EUR___TSI___NA20832	EUR___TSI
SAS___BEB___HG03006	SAS___BEB
SAS___BEB___HG03007	SAS___BEB
SAS___BEB___HG03009	SAS___BEB
SAS___BEB___HG03012	SAS___BEB
SAS___BEB___HG03585	SAS___BEB
SAS___BEB___HG03589	SAS___BEB
SAS___BEB___HG03593	SAS___BEB
SAS___BEB___HG03594	SAS___BEB
SAS___BEB___HG03595	SAS___BEB
SAS___BEB___HG03598	SAS___BEB
SAS___BEB___HG03600	SAS___BEB
SAS___BEB___HG03603	SAS___BEB
SAS___BEB___HG03604	SAS___BEB
SAS___BEB___HG03607	SAS___BEB
SAS___BEB___HG03611	SAS___BEB
SAS___BEB___HG03615	SAS___BEB
SAS___BEB___HG03616	SAS___BEB
SAS___BEB___HG03793	SAS___BEB
SAS___BEB___HG03796	SAS___BEB
SAS___BEB___HG03800	SAS___BEB
SAS___BEB___HG03802	SAS___BEB
SAS___BEB___HG03803	SAS___BEB
SAS___BEB___HG03805	SAS___BEB
SAS___BEB___HG03808	SAS___BEB
SAS___BEB___HG03809	SAS___BEB
SAS___BEB___HG03812	SAS___BEB
SAS___BEB___HG03814	SAS___BEB
SAS___BEB___HG03815	SAS___BEB
SAS___BEB___HG03817	SAS___BEB
SAS___BEB___HG03821	SAS___BEB
SAS___BEB___HG03823	SAS___BEB
SAS___BEB___HG03824	SAS___BEB
SAS___BEB___HG03826	SAS___BEB
SAS___BEB___HG03829	SAS___BEB
SAS___BEB___HG03830	SAS___BEB
SAS___BEB___HG03832	SAS___BEB
SAS___BEB___HG03833	SAS___BEB
SAS___BEB___HG03902	SAS___BEB
SAS___BEB___HG03905	SAS___BEB
SAS___BEB___HG03907	SAS___BEB
SAS___BEB___HG03908	SAS___BEB
SAS___BEB___HG03910	SAS___BEB
SAS___BEB___HG03911	SAS___BEB
SAS___BEB___HG03913	SAS___BEB
SAS___BEB___HG03914	SAS___BEB
SAS___BEB___HG03916	SAS___BEB
SAS___BEB___HG03917	SAS___BEB
SAS___BEB___HG03919	SAS___BEB
SAS___BEB___HG03920	SAS___BEB
SAS___BEB___HG03922	SAS___BEB
SAS___BEB___HG03925	SAS___BEB
SAS___BEB___HG03926	SAS___BEB
SAS___BEB___HG03928	SAS___BEB
SAS___BEB___HG03931	SAS___BEB
SAS___BEB___HG03934	SAS___BEB
SAS___BEB___HG03937	SAS___BEB
SAS___BEB___HG03940	SAS___BEB
SAS___BEB___HG03941	SAS___BEB
SAS___BEB___HG04131	SAS___BEB
SAS___BEB___HG04134	SAS___BEB
SAS___BEB___HG04140	SAS___BEB
SAS___BEB___HG04141	SAS___BEB
SAS___BEB___HG04144	SAS___BEB
SAS___BEB___HG04146	SAS___BEB
SAS___BEB___HG04152	SAS___BEB
SAS___BEB___HG04153	SAS___BEB
SAS___BEB___HG04155	SAS___BEB
SAS___BEB___HG04156	SAS___BEB
SAS___BEB___HG04158	SAS___BEB
SAS___BEB___HG04159	SAS___BEB
SAS___BEB___HG04161	SAS___BEB
SAS___BEB___HG04162	SAS___BEB
SAS___BEB___HG04164	SAS___BEB
SAS___BEB___HG04171	SAS___BEB
SAS___BEB___HG04173	SAS___BEB
SAS___BEB___HG04176	SAS___BEB
SAS___BEB___HG04177	SAS___BEB
SAS___BEB___HG04180	SAS___BEB
SAS___BEB___HG04182	SAS___BEB
SAS___BEB___HG04183	SAS___BEB
SAS___BEB___HG04185	SAS___BEB
SAS___BEB___HG04186	SAS___BEB
SAS___BEB___HG04188	SAS___BEB
SAS___BEB___HG04189	SAS___BEB
SAS___BEB___HG04194	SAS___BEB
SAS___BEB___HG04195	SAS___BEB
SAS___GIH___NA20845	SAS___GIH
SAS___GIH___NA20846	SAS___GIH
SAS___GIH___NA20847	SAS___GIH
SAS___GIH___NA20849	SAS___GIH
SAS___GIH___NA20850	SAS___GIH
SAS___GIH___NA20851	SAS___GIH
SAS___GIH___NA20852	SAS___GIH
SAS___GIH___NA20853	SAS___GIH
SAS___GIH___NA20854	SAS___GIH
SAS___GIH___NA20856	SAS___GIH
SAS___GIH___NA20858	SAS___GIH
SAS___GIH___NA20859	SAS___GIH
SAS___GIH___NA20861	SAS___GIH
SAS___GIH___NA20862	SAS___GIH
SAS___GIH___NA20863	SAS___GIH
SAS___GIH___NA20864	SAS___GIH
SAS___GIH___NA20866	SAS___GIH
SAS___GIH___NA20867	SAS___GIH
SAS___GIH___NA20868	SAS___GIH
SAS___GIH___NA20869	SAS___GIH
SAS___GIH___NA20870	SAS___GIH
SAS___GIH___NA20872	SAS___GIH
SAS___GIH___NA20873	SAS___GIH
SAS___GIH___NA20874	SAS___GIH
SAS___GIH___NA20875	SAS___GIH
SAS___GIH___NA20876	SAS___GIH
SAS___GIH___NA20877	SAS___GIH
SAS___GIH___NA20878	SAS___GIH
SAS___GIH___NA20881	SAS___GIH
SAS___GIH___NA20882	SAS___GIH
SAS___GIH___NA20883	SAS___GIH
SAS___GIH___NA20884	SAS___GIH
SAS___GIH___NA20885	SAS___GIH
SAS___GIH___NA20886	SAS___GIH
SAS___GIH___NA20887	SAS___GIH
SAS___GIH___NA20888	SAS___GIH
SAS___GIH___NA20889	SAS___GIH
SAS___GIH___NA20890	SAS___GIH
SAS___GIH___NA20891	SAS___GIH
SAS___GIH___NA20892	SAS___GIH
SAS___GIH___NA20894	SAS___GIH
SAS___GIH___NA20895	SAS___GIH
SAS___GIH___NA20896	SAS___GIH
SAS___GIH___NA20897	SAS___GIH
SAS___GIH___NA20899	SAS___GIH
SAS___GIH___NA20900	SAS___GIH
SAS___GIH___NA20901	SAS___GIH
SAS___GIH___NA20902	SAS___GIH
SAS___GIH___NA20903	SAS___GIH
SAS___GIH___NA20904	SAS___GIH
SAS___GIH___NA20905	SAS___GIH
SAS___GIH___NA20906	SAS___GIH
SAS___GIH___NA20908	SAS___GIH
SAS___GIH___NA20910	SAS___GIH
SAS___GIH___NA20911	SAS___GIH
SAS___GIH___NA21086	SAS___GIH
SAS___GIH___NA21087	SAS___GIH
SAS___GIH___NA21088	SAS___GIH
SAS___GIH___NA21089	SAS___GIH
SAS___GIH___NA21090	SAS___GIH
SAS___GIH___NA21091	SAS___GIH
SAS___GIH___NA21092	SAS___GIH
SAS___GIH___NA21093	SAS___GIH
SAS___GIH___NA21094	SAS___GIH
SAS___GIH___NA21095	SAS___GIH
SAS___GIH___NA21097	SAS___GIH
SAS___GIH___NA21098	SAS___GIH
SAS___GIH___NA21099	SAS___GIH
SAS___GIH___NA21100	SAS___GIH
SAS___GIH___NA21101	SAS___GIH
SAS___GIH___NA21102	SAS___GIH
SAS___GIH___NA21103	SAS___GIH
SAS___GIH___NA21104	SAS___GIH
SAS___GIH___NA21105	SAS___GIH
SAS___GIH___NA21106	SAS___GIH
SAS___GIH___NA21107	SAS___GIH
SAS___GIH___NA21108	SAS___GIH
SAS___GIH___NA21109	SAS___GIH
SAS___GIH___NA21110	SAS___GIH
SAS___GIH___NA21111	SAS___GIH
SAS___GIH___NA21112	SAS___GIH
SAS___GIH___NA21113	SAS___GIH
SAS___GIH___NA21114	SAS___GIH
SAS___GIH___NA21115	SAS___GIH
SAS___GIH___NA21116	SAS___GIH
SAS___GIH___NA21117	SAS___GIH
SAS___GIH___NA21118	SAS___GIH
SAS___GIH___NA21119	SAS___GIH
SAS___GIH___NA21120	SAS___GIH
SAS___GIH___NA21121	SAS___GIH
SAS___GIH___NA21122	SAS___GIH
SAS___GIH___NA21123	SAS___GIH
SAS___GIH___NA21124	SAS___GIH
SAS___GIH___NA21125	SAS___GIH
SAS___GIH___NA21126	SAS___GIH
SAS___GIH___NA21127	SAS___GIH
SAS___GIH___NA21128	SAS___GIH
SAS___GIH___NA21129	SAS___GIH
SAS___GIH___NA21130	SAS___GIH
SAS___GIH___NA21133	SAS___GIH
SAS___GIH___NA21135	SAS___GIH
SAS___GIH___NA21137	SAS___GIH
SAS___GIH___NA21141	SAS___GIH
SAS___GIH___NA21142	SAS___GIH
SAS___GIH___NA21143	SAS___GIH
SAS___GIH___NA21144	SAS___GIH
SAS___ITU___HG03713	SAS___ITU
SAS___ITU___HG03714	SAS___ITU
SAS___ITU___HG03716	SAS___ITU
SAS___ITU___HG03717	SAS___ITU
SAS___ITU___HG03718	SAS___ITU
SAS___ITU___HG03720	SAS___ITU
SAS___ITU___HG03722	SAS___ITU
SAS___ITU___HG03727	SAS___ITU
SAS___ITU___HG03729	SAS___ITU
SAS___ITU___HG03730	SAS___ITU
SAS___ITU___HG03731	SAS___ITU
SAS___ITU___HG03742	SAS___ITU
SAS___ITU___HG03770	SAS___ITU
SAS___ITU___HG03771	SAS___ITU
SAS___ITU___HG03772	SAS___ITU
SAS___ITU___HG03773	SAS___ITU
SAS___ITU___HG03774	SAS___ITU
SAS___ITU___HG03775	SAS___ITU
SAS___ITU___HG03777	SAS___ITU
SAS___ITU___HG03778	SAS___ITU
SAS___ITU___HG03779	SAS___ITU
SAS___ITU___HG03780	SAS___ITU
SAS___ITU___HG03781	SAS___ITU
SAS___ITU___HG03782	SAS___ITU
SAS___ITU___HG03784	SAS___ITU
SAS___ITU___HG03785	SAS___ITU
SAS___ITU___HG03786	SAS___ITU
SAS___ITU___HG03787	SAS___ITU
SAS___ITU___HG03788	SAS___ITU
SAS___ITU___HG03789	SAS___ITU
SAS___ITU___HG03790	SAS___ITU
SAS___ITU___HG03792	SAS___ITU
SAS___ITU___HG03861	SAS___ITU
SAS___ITU___HG03862	SAS___ITU
SAS___ITU___HG03863	SAS___ITU
SAS___ITU___HG03864	SAS___ITU
SAS___ITU___HG03866	SAS___ITU
SAS___ITU___HG03867	SAS___ITU
SAS___ITU___HG03868	SAS___ITU
SAS___ITU___HG03869	SAS___ITU
SAS___ITU___HG03870	SAS___ITU
SAS___ITU___HG03871	SAS___ITU
SAS___ITU___HG03872	SAS___ITU
SAS___ITU___HG03873	SAS___ITU
SAS___ITU___HG03874	SAS___ITU
SAS___ITU___HG03875	SAS___ITU
SAS___ITU___HG03882	SAS___ITU
SAS___ITU___HG03960	SAS___ITU
SAS___ITU___HG03963	SAS___ITU
SAS___ITU___HG03965	SAS___ITU
SAS___ITU___HG03967	SAS___ITU
SAS___ITU___HG03968	SAS___ITU
SAS___ITU___HG03969	SAS___ITU
SAS___ITU___HG03971	SAS___ITU
SAS___ITU___HG03973	SAS___ITU
SAS___ITU___HG03974	SAS___ITU
SAS___ITU___HG03976	SAS___ITU
SAS___ITU___HG03977	SAS___ITU
SAS___ITU___HG03978	SAS___ITU
SAS___ITU___HG04001	SAS___ITU
SAS___ITU___HG04002	SAS___ITU
SAS___ITU___HG04014	SAS___ITU
SAS___ITU___HG04015	SAS___ITU
SAS___ITU___HG04017	SAS___ITU
SAS___ITU___HG04018	SAS___ITU
SAS___ITU___HG04019	SAS___ITU
SAS___ITU___HG04020	SAS___ITU
SAS___ITU___HG04022	SAS___ITU
SAS___ITU___HG04023	SAS___ITU
SAS___ITU___HG04025	SAS___ITU
SAS___ITU___HG04026	SAS___ITU
SAS___ITU___HG04054	SAS___ITU
SAS___ITU___HG04056	SAS___ITU
SAS___ITU___HG04059	SAS___ITU
SAS___ITU___HG04060	SAS___ITU
SAS___ITU___HG04061	SAS___ITU
SAS___ITU___HG04062	SAS___ITU
SAS___ITU___HG04063	SAS___ITU
SAS___ITU___HG04070	SAS___ITU
SAS___ITU___HG04076	SAS___ITU
SAS___ITU___HG04080	SAS___ITU
SAS___ITU___HG04090	SAS___ITU
SAS___ITU___HG04093	SAS___ITU
SAS___ITU___HG04094	SAS___ITU
SAS___ITU___HG04096	SAS___ITU
SAS___ITU___HG04098	SAS___ITU
SAS___ITU___HG04118	SAS___ITU
SAS___ITU___HG04198	SAS___ITU
SAS___ITU___HG04200	SAS___ITU
SAS___ITU___HG04202	SAS___ITU
SAS___ITU___HG04206	SAS___ITU
SAS___ITU___HG04209	SAS___ITU
SAS___ITU___HG04211	SAS___ITU
SAS___ITU___HG04212	SAS___ITU
SAS___ITU___HG04214	SAS___ITU
SAS___ITU___HG04216	SAS___ITU
SAS___ITU___HG04219	SAS___ITU
SAS___ITU___HG04222	SAS___ITU
SAS___ITU___HG04225	SAS___ITU
SAS___ITU___HG04235	SAS___ITU
SAS___ITU___HG04238	SAS___ITU
SAS___ITU___HG04239	SAS___ITU
SAS___PJL___HG01583	SAS___PJL
SAS___PJL___HG01586	SAS___PJL
SAS___PJL___HG01589	SAS___PJL
SAS___PJL___HG01593	SAS___PJL
SAS___PJL___HG02490	SAS___PJL
SAS___PJL___HG02491	SAS___PJL
SAS___PJL___HG02493	SAS___PJL
SAS___PJL___HG02494	SAS___PJL
SAS___PJL___HG02597	SAS___PJL
SAS___PJL___HG02600	SAS___PJL
SAS___PJL___HG02601	SAS___PJL
SAS___PJL___HG02603	SAS___PJL
SAS___PJL___HG02604	SAS___PJL
SAS___PJL___HG02648	SAS___PJL
SAS___PJL___HG02649	SAS___PJL
SAS___PJL___HG02651	SAS___PJL
SAS___PJL___HG02652	SAS___PJL
SAS___PJL___HG02654	SAS___PJL
SAS___PJL___HG02655	SAS___PJL
SAS___PJL___HG02657	SAS___PJL
SAS___PJL___HG02658	SAS___PJL
SAS___PJL___HG02660	SAS___PJL
SAS___PJL___HG02661	SAS___PJL
SAS___PJL___HG02681	SAS___PJL
SAS___PJL___HG02682	SAS___PJL
SAS___PJL___HG02684	SAS___PJL
SAS___PJL___HG02685	SAS___PJL
SAS___PJL___HG02687	SAS___PJL
SAS___PJL___HG02688	SAS___PJL
SAS___PJL___HG02690	SAS___PJL
SAS___PJL___HG02691	SAS___PJL
SAS___PJL___HG02694	SAS___PJL
SAS___PJL___HG02696	SAS___PJL
SAS___PJL___HG02697	SAS___PJL
SAS___PJL___HG02699	SAS___PJL
SAS___PJL___HG02700	SAS___PJL
SAS___PJL___HG02724	SAS___PJL
SAS___PJL___HG02725	SAS___PJL
SAS___PJL___HG02727	SAS___PJL
SAS___PJL___HG02728	SAS___PJL
SAS___PJL___HG02731	SAS___PJL
SAS___PJL___HG02733	SAS___PJL
SAS___PJL___HG02734	SAS___PJL
SAS___PJL___HG02736	SAS___PJL
SAS___PJL___HG02737	SAS___PJL
SAS___PJL___HG02774	SAS___PJL
SAS___PJL___HG02775	SAS___PJL
SAS___PJL___HG02778	SAS___PJL
SAS___PJL___HG02780	SAS___PJL
SAS___PJL___HG02783	SAS___PJL
SAS___PJL___HG02784	SAS___PJL
SAS___PJL___HG02786	SAS___PJL
SAS___PJL___HG02787	SAS___PJL
SAS___PJL___HG02789	SAS___PJL
SAS___PJL___HG02790	SAS___PJL
SAS___PJL___HG02792	SAS___PJL
SAS___PJL___HG02793	SAS___PJL
SAS___PJL___HG03015	SAS___PJL
SAS___PJL___HG03016	SAS___PJL
SAS___PJL___HG03018	SAS___PJL
SAS___PJL___HG03019	SAS___PJL
SAS___PJL___HG03021	SAS___PJL
SAS___PJL___HG03022	SAS___PJL
SAS___PJL___HG03228	SAS___PJL
SAS___PJL___HG03229	SAS___PJL
SAS___PJL___HG03234	SAS___PJL
SAS___PJL___HG03235	SAS___PJL
SAS___PJL___HG03237	SAS___PJL
SAS___PJL___HG03238	SAS___PJL
SAS___PJL___HG03488	SAS___PJL
SAS___PJL___HG03490	SAS___PJL
SAS___PJL___HG03491	SAS___PJL
SAS___PJL___HG03619	SAS___PJL
SAS___PJL___HG03624	SAS___PJL
SAS___PJL___HG03625	SAS___PJL
SAS___PJL___HG03629	SAS___PJL
SAS___PJL___HG03631	SAS___PJL
SAS___PJL___HG03634	SAS___PJL
SAS___PJL___HG03636	SAS___PJL
SAS___PJL___HG03640	SAS___PJL
SAS___PJL___HG03649	SAS___PJL
SAS___PJL___HG03652	SAS___PJL
SAS___PJL___HG03653	SAS___PJL
SAS___PJL___HG03660	SAS___PJL
SAS___PJL___HG03663	SAS___PJL
SAS___PJL___HG03667	SAS___PJL
SAS___PJL___HG03668	SAS___PJL
SAS___PJL___HG03702	SAS___PJL
SAS___PJL___HG03703	SAS___PJL
SAS___PJL___HG03705	SAS___PJL
SAS___PJL___HG03706	SAS___PJL
SAS___PJL___HG03708	SAS___PJL
SAS___PJL___HG03709	SAS___PJL
SAS___PJL___HG03762	SAS___PJL
SAS___PJL___HG03765	SAS___PJL
SAS___PJL___HG03767	SAS___PJL
SAS___STU___HG03642	SAS___STU
SAS___STU___HG03643	SAS___STU
SAS___STU___HG03644	SAS___STU
SAS___STU___HG03645	SAS___STU
SAS___STU___HG03646	SAS___STU
SAS___STU___HG03672	SAS___STU
SAS___STU___HG03673	SAS___STU
SAS___STU___HG03679	SAS___STU
SAS___STU___HG03680	SAS___STU
SAS___STU___HG03681	SAS___STU
SAS___STU___HG03684	SAS___STU
SAS___STU___HG03685	SAS___STU
SAS___STU___HG03686	SAS___STU
SAS___STU___HG03687	SAS___STU
SAS___STU___HG03689	SAS___STU
SAS___STU___HG03690	SAS___STU
SAS___STU___HG03691	SAS___STU
SAS___STU___HG03692	SAS___STU
SAS___STU___HG03693	SAS___STU
SAS___STU___HG03694	SAS___STU
SAS___STU___HG03695	SAS___STU
SAS___STU___HG03696	SAS___STU
SAS___STU___HG03697	SAS___STU
SAS___STU___HG03698	SAS___STU
SAS___STU___HG03711	SAS___STU
SAS___STU___HG03733	SAS___STU
SAS___STU___HG03736	SAS___STU
SAS___STU___HG03738	SAS___STU
SAS___STU___HG03740	SAS___STU
SAS___STU___HG03741	SAS___STU
SAS___STU___HG03743	SAS___STU
SAS___STU___HG03744	SAS___STU
SAS___STU___HG03745	SAS___STU
SAS___STU___HG03746	SAS___STU
SAS___STU___HG03750	SAS___STU
SAS___STU___HG03752	SAS___STU
SAS___STU___HG03753	SAS___STU
SAS___STU___HG03754	SAS___STU
SAS___STU___HG03755	SAS___STU
SAS___STU___HG03756	SAS___STU
SAS___STU___HG03757	SAS___STU
SAS___STU___HG03760	SAS___STU
SAS___STU___HG03836	SAS___STU
SAS___STU___HG03837	SAS___STU
SAS___STU___HG03838	SAS___STU
SAS___STU___HG03844	SAS___STU
SAS___STU___HG03846	SAS___STU
SAS___STU___HG03848	SAS___STU
SAS___STU___HG03849	SAS___STU
SAS___STU___HG03850	SAS___STU
SAS___STU___HG03851	SAS___STU
SAS___STU___HG03854	SAS___STU
SAS___STU___HG03856	SAS___STU
SAS___STU___HG03857	SAS___STU
SAS___STU___HG03858	SAS___STU
SAS___STU___HG03884	SAS___STU
SAS___STU___HG03885	SAS___STU
SAS___STU___HG03886	SAS___STU
SAS___STU___HG03887	SAS___STU
SAS___STU___HG03888	SAS___STU
SAS___STU___HG03890	SAS___STU
SAS___STU___HG03894	SAS___STU
SAS___STU___HG03895	SAS___STU
SAS___STU___HG03896	SAS___STU
SAS___STU___HG03897	SAS___STU
SAS___STU___HG03898	SAS___STU
SAS___STU___HG03899	SAS___STU
SAS___STU___HG03900	SAS___STU
SAS___STU___HG03943	SAS___STU
SAS___STU___HG03944	SAS___STU
SAS___STU___HG03945	SAS___STU
SAS___STU___HG03947	SAS___STU
SAS___STU___HG03949	SAS___STU
SAS___STU___HG03950	SAS___STU
SAS___STU___HG03951	SAS___STU
SAS___STU___HG03953	SAS___STU
SAS___STU___HG03955	SAS___STU
SAS___STU___HG03985	SAS___STU
SAS___STU___HG03986	SAS___STU
SAS___STU___HG03989	SAS___STU
SAS___STU___HG03990	SAS___STU
SAS___STU___HG03991	SAS___STU
SAS___STU___HG03995	SAS___STU
SAS___STU___HG03998	SAS___STU
SAS___STU___HG03999	SAS___STU
SAS___STU___HG04003	SAS___STU
SAS___STU___HG04006	SAS___STU
SAS___STU___HG04029	SAS___STU
SAS___STU___HG04033	SAS___STU
SAS___STU___HG04035	SAS___STU
SAS___STU___HG04038	SAS___STU
SAS___STU___HG04039	SAS___STU
SAS___STU___HG04042	SAS___STU
SAS___STU___HG04047	SAS___STU
SAS___STU___HG04075	SAS___STU
SAS___STU___HG04099	SAS___STU
SAS___STU___HG04100	SAS___STU
SAS___STU___HG04106	SAS___STU
SAS___STU___HG04107	SAS___STU
SAS___STU___HG04210	SAS___STU
SAS___STU___HG04227	SAS___STU
SAS___STU___HG04229	SAS___STU
